/*
SQLyog Ultimate v12.08 (64 bit)
MySQL - 5.6.32-log : Database - hc_community
*********************************************************************
*/

/*!40101 SET NAMES utf8 */;

/*!40101 SET SQL_MODE=''*/;

/*!40014 SET @OLD_UNIQUE_CHECKS=@@UNIQUE_CHECKS, UNIQUE_CHECKS=0 */;
/*!40014 SET @OLD_FOREIGN_KEY_CHECKS=@@FOREIGN_KEY_CHECKS, FOREIGN_KEY_CHECKS=0 */;
/*!40101 SET @OLD_SQL_MODE=@@SQL_MODE, SQL_MODE='NO_AUTO_VALUE_ON_ZERO' */;
/*!40111 SET @OLD_SQL_NOTES=@@SQL_NOTES, SQL_NOTES=0 */;
CREATE DATABASE /*!32312 IF NOT EXISTS*/`hc_community` /*!40100 DEFAULT CHARACTER SET utf8 */;

USE `hc_community`;

/*Table structure for table `building_owner` */

DROP TABLE IF EXISTS `building_owner`;

CREATE TABLE `building_owner` (
  `member_id` varchar(30) NOT NULL COMMENT '业主成员ID',
  `owner_id` varchar(30) NOT NULL COMMENT '业主ID',
  `b_id` varchar(30) NOT NULL COMMENT '业务Id',
  `name` varchar(12) NOT NULL COMMENT '业主名称',
  `sex` int(11) NOT NULL COMMENT '性别',
  `age` int(11) NOT NULL COMMENT '年龄',
  `link` varchar(11) NOT NULL COMMENT '联系人手机号',
  `user_id` varchar(30) NOT NULL COMMENT '用户ID',
  `remark` varchar(200) NOT NULL COMMENT '备注',
  `create_time` timestamp NOT NULL DEFAULT CURRENT_TIMESTAMP COMMENT '创建时间',
  `status_cd` varchar(2) NOT NULL DEFAULT '0' COMMENT '数据状态，详细参考c_status表，0, 在用 1失效',
  UNIQUE KEY `member_id` (`member_id`),
  UNIQUE KEY `idx_owner_id` (`member_id`),
  KEY `idx_owner_b_id` (`b_id`)
) ENGINE=InnoDB DEFAULT CHARSET=utf8;

/*Data for the table `building_owner` */

/*Table structure for table `building_owner_room_rel` */

DROP TABLE IF EXISTS `building_owner_room_rel`;

CREATE TABLE `building_owner_room_rel` (
  `rel_id` varchar(30) NOT NULL COMMENT '关系ID',
  `owner_id` varchar(30) NOT NULL COMMENT '业主ID',
  `room_id` varchar(30) NOT NULL COMMENT '房间ID',
  `b_id` varchar(30) NOT NULL COMMENT '业务Id',
  `state` varchar(4) NOT NULL COMMENT '业务状态 2001 业主未迁入 2002 业主迁入 2003 业主迁出',
  `user_id` varchar(30) NOT NULL COMMENT '用户ID',
  `remark` varchar(200) NOT NULL COMMENT '备注',
  `create_time` timestamp NOT NULL DEFAULT CURRENT_TIMESTAMP COMMENT '创建时间',
  `status_cd` varchar(2) NOT NULL DEFAULT '0' COMMENT '数据状态，详细参考c_status表，0, 在用 1失效',
  UNIQUE KEY `rel_id` (`rel_id`),
  UNIQUE KEY `idx_borr_rel_id` (`rel_id`),
  UNIQUE KEY `idx_orr_rel_id` (`rel_id`),
  KEY `idx_borr_b_id` (`b_id`),
  KEY `idx_orr_b_id` (`b_id`)
) ENGINE=InnoDB DEFAULT CHARSET=utf8;

/*Data for the table `building_owner_room_rel` */

insert  into `building_owner_room_rel`(`rel_id`,`owner_id`,`room_id`,`b_id`,`state`,`user_id`,`remark`,`create_time`,`status_cd`) values ('12313','123123','752019050811420005','123123','0000','123123','','2019-05-21 02:50:26','1'),('234234','123123','752019050811420005','12313','0000','123213','','2019-05-21 02:51:47','0'),('782019052290990001','772019051730670001','752019050845270003','202019052255290002','2001','30518940136629616640','','2019-05-21 16:30:15','0'),('782019052299880001','772019051932200003','752019050870640002','202019052282950002','2001','30518940136629616640','','2019-05-22 03:53:32','0');

/*Table structure for table `building_room` */

DROP TABLE IF EXISTS `building_room`;

CREATE TABLE `building_room` (
  `room_id` varchar(30) NOT NULL COMMENT '房屋ID',
  `b_id` varchar(30) NOT NULL COMMENT '业务Id',
  `room_num` varchar(12) NOT NULL COMMENT '房屋编号',
  `unit_id` varchar(30) NOT NULL COMMENT '单元ID',
  `layer` int(11) NOT NULL COMMENT '层数',
  `section` int(11) NOT NULL COMMENT '室',
  `apartment` varchar(4) NOT NULL COMMENT '户型',
  `built_up_area` decimal(6,2) NOT NULL COMMENT '建筑面积',
  `unit_price` decimal(12,2) NOT NULL COMMENT '每平米单价',
  `user_id` varchar(30) NOT NULL COMMENT '用户ID',
  `remark` varchar(200) NOT NULL COMMENT '备注',
  `create_time` timestamp NOT NULL DEFAULT CURRENT_TIMESTAMP COMMENT '创建时间',
  `status_cd` varchar(2) NOT NULL DEFAULT '0' COMMENT '数据状态，详细参考c_status表，S 保存，0, 在用 1失效',
  `state` varchar(4) NOT NULL COMMENT '房屋状态，如房屋出售等，请查看state 表',
  UNIQUE KEY `room_id` (`room_id`),
  UNIQUE KEY `idx_room_id` (`room_id`),
  KEY `idx_room_b_id` (`b_id`)
) ENGINE=InnoDB DEFAULT CHARSET=utf8;

/*Data for the table `building_room` */

insert  into `building_room`(`room_id`,`b_id`,`room_num`,`unit_id`,`layer`,`section`,`apartment`,`built_up_area`,`unit_price`,`user_id`,`remark`,`create_time`,`status_cd`,`state`) values ('752019050790250003','202019050955970004','1123','742019050304250004',12,2,'1010','95.46','4800.00','30518940136629616640','测试','2019-05-07 15:35:55','0','2002'),('752019050811420005','202019050812510002','1113','742019050396500001',11,3,'2020','95.45','4800.00','30518940136629616640','','2019-05-08 08:57:24','1',''),('752019050814710001','202019051032590010','1123','742019050396500001',12,2,'2020','95.45','4800.00','30518940136629616640','','2019-05-08 06:07:27','0','2001'),('752019050845270003','202019050838100006','1121','742019050396500001',12,2,'2020','87.90','4800.00','30518940136629616640','','2019-05-08 07:40:32','0',''),('752019050856240001','202019050927090006','1113','742019050304250004',11,2,'2020','97.45','4700.00','30518940136629616640','','2019-05-08 05:36:20','0','2003'),('752019050860300001','202019050942230008','1124','742019050304250004',12,3,'2020','124.89','4800.00','30518940136629616640','隔壁老王','2019-05-07 17:55:40','0','2004'),('752019050861590001','202019050801410008','12345','742019050396500001',22,8,'2020','129.99','10000.00','30518940136629616640','','2019-05-08 10:57:30','1',''),('752019050870640002','202019050835720004','1124','742019050396500001',12,2,'2020','97.09','4800.00','30518940136629616640','测试','2019-05-08 07:39:39','0',''),('752019050876320004','202019050858950008','1122','742019050396500001',12,4,'2020','127.98','4800.00','30518940136629616640','','2019-05-08 07:41:21','0',''),('752019050896140002','202019050812980004','1121','742019050304250004',12,2,'2020','92.34','4800.00','30518940136629616640','','2019-05-07 17:57:46','0',''),('752019050906680001','202019050968960002','2121','742019050362220003',12,2,'2020','97.33','4800.00','30518940136629616640','','2019-05-09 06:10:53','0','2001'),('752019050994740002','202019050942660010','2123','742019050362220003',12,2,'2020','97.88','4800.00','30518940136629616640','','2019-05-09 05:29:53','0','');

/*Table structure for table `building_room_attr` */

DROP TABLE IF EXISTS `building_room_attr`;

CREATE TABLE `building_room_attr` (
  `b_id` varchar(30) NOT NULL COMMENT '订单ID',
  `attr_id` varchar(30) NOT NULL COMMENT '属性id',
  `room_id` varchar(30) NOT NULL COMMENT '房屋ID',
  `spec_cd` varchar(12) NOT NULL COMMENT '规格id,参考spec表',
  `value` varchar(50) NOT NULL COMMENT '属性值',
  `create_time` timestamp NOT NULL DEFAULT CURRENT_TIMESTAMP COMMENT '创建时间',
  `status_cd` varchar(2) NOT NULL DEFAULT '0' COMMENT '数据状态，详细参考c_status表，S 保存，0, 在用 1失效',
  UNIQUE KEY `attr_id` (`attr_id`),
  KEY `idx_b_attr_b_id` (`b_id`),
  KEY `idx_attr_room_id` (`room_id`)
) ENGINE=InnoDB DEFAULT CHARSET=utf8;

/*Data for the table `building_room_attr` */

/*Table structure for table `building_unit` */

DROP TABLE IF EXISTS `building_unit`;

CREATE TABLE `building_unit` (
  `unit_id` varchar(30) NOT NULL COMMENT '单元ID',
  `b_id` varchar(30) NOT NULL COMMENT '业务Id',
  `unit_num` varchar(12) NOT NULL COMMENT '单元编号',
  `floor_id` varchar(30) NOT NULL COMMENT '楼ID',
  `layer_count` int(11) NOT NULL COMMENT '总层数',
  `lift` varchar(4) NOT NULL COMMENT '是否有电梯 1010有 2020 无',
  `user_id` varchar(30) NOT NULL COMMENT '用户ID',
  `remark` varchar(200) NOT NULL COMMENT '备注',
  `create_time` timestamp NOT NULL DEFAULT CURRENT_TIMESTAMP COMMENT '创建时间',
  `status_cd` varchar(2) NOT NULL DEFAULT '0' COMMENT '数据状态，详细参考c_status表，S 保存，0, 在用 1失效',
  UNIQUE KEY `unit_id` (`unit_id`),
  UNIQUE KEY `idx_unit_id` (`unit_id`),
  KEY `idx_unit_b_id` (`b_id`)
) ENGINE=InnoDB DEFAULT CHARSET=utf8;

/*Data for the table `building_unit` */

insert  into `building_unit`(`unit_id`,`b_id`,`unit_num`,`floor_id`,`layer_count`,`lift`,`user_id`,`remark`,`create_time`,`status_cd`) values ('742019050304250004','202019050399040008','001','732019042188750002',33,'1010','30518940136629616640','测试','2019-05-03 09:53:18','0'),('742019050325230001','202019050357280004','001','732019042644990001',33,'1010','30518940136629616640','测试','2019-05-03 11:37:00','0'),('742019050344140006','202019050328930012','002','732019042218110002',33,'1010','30518940136629616640','测试','2019-05-03 09:53:37','0'),('742019050358480002','202019050467640002','002','732019042181450002',33,'1010','30518940136629616640','测试','2019-05-03 09:52:42','1'),('742019050362220003','202019050354360006','002','732019042188750002',33,'1010','30518940136629616640','测试','2019-05-03 09:53:09','0'),('742019050374590007','202019050346780002','0011','732019042644990001',31,'2020','30518940136629616640','测试1','2019-05-03 10:01:33','0'),('742019050389780008','202019050307280016','002','732019042644990001',33,'1010','30518940136629616640','测试','2019-05-03 10:01:49','0'),('742019050396500001','202019050398970002','001','732019042181450002',33,'1010','30518940136629616640','测试','2019-05-03 09:52:13','0'),('742019050398030005','202019050318680010','001','732019042218110002',33,'1010','30518940136629616640','测试','2019-05-03 09:53:30','0'),('742019050466970002','202019050486630010','001','732019042790640002',33,'1010','30518940136629616640','123456','2019-05-04 10:48:39','0'),('742019050493150001','202019050486680006','002','732019042181450002',33,'1010','30518940136629616640','123456','2019-05-04 13:45:47','1'),('742019050497530002','202019050422440008','001','732019042921980002',33,'2020','30518940136629616640','','2019-05-04 13:47:01','0'),('742019050702710001','202019050745870002','001','732019042715940003',33,'1010','30518940136629616640','','2019-05-06 16:08:48','0'),('742019050785380002','202019050722290004','001','732019042773170001',33,'1010','30518940136629616640','','2019-05-06 19:41:42','0');

/*Table structure for table `business_building_owner` */

DROP TABLE IF EXISTS `business_building_owner`;

CREATE TABLE `business_building_owner` (
  `member_id` varchar(30) NOT NULL COMMENT '业主成员ID',
  `owner_id` varchar(30) NOT NULL COMMENT '业主ID',
  `b_id` varchar(30) NOT NULL COMMENT '业务Id',
  `name` varchar(12) NOT NULL COMMENT '业主名称',
  `sex` int(11) NOT NULL COMMENT '性别',
  `age` int(11) NOT NULL COMMENT '年龄',
  `link` varchar(11) NOT NULL COMMENT '联系人手机号',
  `user_id` varchar(30) NOT NULL COMMENT '用户ID',
  `remark` varchar(200) NOT NULL COMMENT '备注',
  `create_time` timestamp NOT NULL DEFAULT CURRENT_TIMESTAMP COMMENT '创建时间',
  `operate` varchar(4) NOT NULL COMMENT '数据状态，添加ADD，修改MOD 删除DEL',
  KEY `idx_business_owner_id` (`member_id`),
  KEY `idx_business_owner_b_id` (`b_id`)
) ENGINE=InnoDB DEFAULT CHARSET=utf8;

/*Data for the table `business_building_owner` */

/*Table structure for table `business_building_room` */

DROP TABLE IF EXISTS `business_building_room`;

CREATE TABLE `business_building_room` (
  `room_id` varchar(30) NOT NULL COMMENT '房屋ID',
  `b_id` varchar(30) NOT NULL COMMENT '业务Id',
  `room_num` varchar(12) NOT NULL COMMENT '房屋编号',
  `unit_id` varchar(30) NOT NULL COMMENT '单元ID',
  `layer` int(11) NOT NULL COMMENT '层数',
  `section` int(11) NOT NULL COMMENT '室',
  `apartment` varchar(4) NOT NULL COMMENT '户型',
  `built_up_area` decimal(6,2) NOT NULL COMMENT '建筑面积',
  `unit_price` decimal(12,2) NOT NULL COMMENT '每平米单价',
  `user_id` varchar(30) NOT NULL COMMENT '用户ID',
  `remark` varchar(200) NOT NULL COMMENT '备注',
  `create_time` timestamp NOT NULL DEFAULT CURRENT_TIMESTAMP COMMENT '创建时间',
  `operate` varchar(4) NOT NULL COMMENT '数据状态，添加ADD，修改MOD 删除DEL',
  `state` varchar(4) NOT NULL COMMENT '房屋状态，如房屋出售等，请查看state 表',
  KEY `idx_business_room_id` (`room_id`),
  KEY `idx_business_room_b_id` (`b_id`)
) ENGINE=InnoDB DEFAULT CHARSET=utf8;

/*Data for the table `business_building_room` */

insert  into `business_building_room`(`room_id`,`b_id`,`room_num`,`unit_id`,`layer`,`section`,`apartment`,`built_up_area`,`unit_price`,`user_id`,`remark`,`create_time`,`operate`,`state`) values ('752019050790250003','202019050762320006','1123','742019050304250004',12,2,'1010','95.46','4800.00','30518940136629616640','测试','2019-05-07 15:35:55','ADD',''),('752019050860300001','202019050890510002','1124','742019050304250004',12,3,'2020','124.89','4800.00','30518940136629616640','隔壁老王','2019-05-07 17:55:40','ADD',''),('752019050896140002','202019050812980004','1121','742019050304250004',12,2,'2020','92.34','4800.00','30518940136629616640','','2019-05-07 17:57:46','ADD',''),('752019050856240001','202019050822640002','1113','742019050304250004',11,2,'2020','97.45','4700.00','30518940136629616640','','2019-05-08 05:36:19','ADD',''),('752019050814710001','202019050893350002','1123','742019050396500001',12,2,'2020','95.45','4800.00','30518940136629616640','','2019-05-08 06:07:27','ADD',''),('752019050870640002','202019050835720004','1124','742019050396500001',12,2,'2020','97.09','4800.00','30518940136629616640','测试','2019-05-08 07:39:39','ADD',''),('752019050845270003','202019050838100006','1121','742019050396500001',12,2,'2020','87.90','4800.00','30518940136629616640','','2019-05-08 07:40:32','ADD',''),('752019050876320004','202019050858950008','1122','742019050396500001',12,4,'2020','127.98','4800.00','30518940136629616640','','2019-05-08 07:41:21','ADD',''),('752019050811420005','202019050893040010','1123','742019050396500001',12,2,'2020','95.45','4800.00','30518940136629616640','','2019-05-08 08:57:24','ADD',''),('752019050811420005','202019050857790002','1123','742019050396500001',12,2,'2020','95.45','4800.00','30518940136629616640','','2019-05-08 10:05:44','DEl',''),('752019050811420005','202019050857790002','1113','742019050396500001',11,2,'2020','95.45','4800.00','30518940136629616640','','2019-05-08 10:05:44','ADD',''),('752019050811420005','202019050823880004','1113','742019050396500001',11,2,'2020','95.45','4800.00','30518940136629616640','','2019-05-08 10:14:57','DEl',''),('752019050811420005','202019050823880004','1113','742019050396500001',11,3,'2020','95.45','4800.00','30518940136629616640','','2019-05-08 10:14:57','ADD',''),('752019050811420005','202019050812510002','1113','742019050396500001',11,3,'2020','95.45','4800.00','30518940136629616640','','2019-05-08 10:40:34','DEl',''),('752019050861590001','202019050853120004','123456','742019050396500001',22,8,'2020','129.99','10000.00','30518940136629616640','','2019-05-08 10:57:30','ADD',''),('752019050861590001','202019050847810006','123456','742019050396500001',22,8,'2020','129.99','10000.00','30518940136629616640','','2019-05-08 10:57:52','DEl',''),('752019050861590001','202019050847810006','12345','742019050396500001',22,8,'2020','129.99','10000.00','30518940136629616640','','2019-05-08 10:57:52','ADD',''),('752019050861590001','202019050801410008','12345','742019050396500001',22,8,'2020','129.99','10000.00','30518940136629616640','','2019-05-08 10:57:57','DEl',''),('752019050994740002','202019050942660010','2123','742019050362220003',12,2,'2020','97.88','4800.00','30518940136629616640','','2019-05-09 05:29:53','ADD',''),('752019050906680001','202019050968960002','2121','742019050362220003',12,2,'2020','97.33','4800.00','30518940136629616640','','2019-05-09 06:10:53','ADD','2001'),('752019050790250003','202019050955970004','1123','742019050304250004',12,2,'1010','95.46','4800.00','30518940136629616640','测试','2019-05-09 06:23:12','DEl',''),('752019050790250003','202019050955970004','1123','742019050304250004',12,2,'1010','95.46','4800.00','30518940136629616640','测试','2019-05-09 06:23:12','ADD','2002'),('752019050856240001','202019050927090006','1113','742019050304250004',11,2,'2020','97.45','4700.00','30518940136629616640','','2019-05-09 06:23:26','DEl',''),('752019050856240001','202019050927090006','1113','742019050304250004',11,2,'2020','97.45','4700.00','30518940136629616640','','2019-05-09 06:23:26','ADD','2003'),('752019050860300001','202019050942230008','1124','742019050304250004',12,3,'2020','124.89','4800.00','30518940136629616640','隔壁老王','2019-05-09 06:24:05','DEl',''),('752019050860300001','202019050942230008','1124','742019050304250004',12,3,'2020','124.89','4800.00','30518940136629616640','隔壁老王','2019-05-09 06:24:05','ADD','2004'),('752019050814710001','202019051032590010','1123','742019050396500001',12,2,'2020','95.45','4800.00','30518940136629616640','','2019-05-10 05:55:35','DEl',''),('752019050814710001','202019051032590010','1123','742019050396500001',12,2,'2020','95.45','4800.00','30518940136629616640','','2019-05-10 05:55:35','ADD','2001');

/*Table structure for table `business_building_room_attr` */

DROP TABLE IF EXISTS `business_building_room_attr`;

CREATE TABLE `business_building_room_attr` (
  `b_id` varchar(30) NOT NULL COMMENT '订单ID',
  `attr_id` varchar(30) NOT NULL COMMENT '属性id',
  `room_id` varchar(30) NOT NULL COMMENT '用户ID',
  `spec_cd` varchar(12) NOT NULL COMMENT '规格id,参考spec表',
  `value` varchar(50) NOT NULL COMMENT '属性值',
  `create_time` timestamp NOT NULL DEFAULT CURRENT_TIMESTAMP COMMENT '创建时间',
  `operate` varchar(3) NOT NULL COMMENT '数据状态，添加ADD，修改MOD 删除DEL',
  KEY `idx_business_b_room_attr` (`room_id`),
  KEY `idx_business_b_room_attr_b_id` (`b_id`)
) ENGINE=InnoDB DEFAULT CHARSET=utf8;

/*Data for the table `business_building_room_attr` */

/*Table structure for table `business_building_unit` */

DROP TABLE IF EXISTS `business_building_unit`;

CREATE TABLE `business_building_unit` (
  `unit_id` varchar(30) NOT NULL COMMENT '单元ID',
  `b_id` varchar(30) NOT NULL COMMENT '业务Id',
  `unit_num` varchar(12) NOT NULL COMMENT '单元编号',
  `floor_id` varchar(30) NOT NULL COMMENT '楼ID',
  `layer_count` int(11) NOT NULL COMMENT '总层数',
  `lift` varchar(4) NOT NULL COMMENT '是否有电梯 1010有 2020 无',
  `user_id` varchar(30) NOT NULL COMMENT '用户ID',
  `remark` varchar(200) NOT NULL COMMENT '备注',
  `create_time` timestamp NOT NULL DEFAULT CURRENT_TIMESTAMP COMMENT '创建时间',
  `operate` varchar(4) NOT NULL COMMENT '数据状态，添加ADD，修改MOD 删除DEL',
  KEY `idx_business_unit_id` (`unit_id`),
  KEY `idx_business_unit_b_id` (`b_id`)
) ENGINE=InnoDB DEFAULT CHARSET=utf8;

/*Data for the table `business_building_unit` */

insert  into `business_building_unit`(`unit_id`,`b_id`,`unit_num`,`floor_id`,`layer_count`,`lift`,`user_id`,`remark`,`create_time`,`operate`) values ('742019050396500001','202019050398970002','001','732019042181450002',33,'1010','30518940136629616640','测试','2019-05-03 09:52:12','ADD'),('742019050358480002','202019050342470004','002','732019042181450002',33,'1010','30518940136629616640','测试','2019-05-03 09:52:42','ADD'),('742019050362220003','202019050354360006','002','732019042188750002',33,'1010','30518940136629616640','测试','2019-05-03 09:53:09','ADD'),('742019050304250004','202019050399040008','001','732019042188750002',33,'1010','30518940136629616640','测试','2019-05-03 09:53:18','ADD'),('742019050398030005','202019050318680010','001','732019042218110002',33,'1010','30518940136629616640','测试','2019-05-03 09:53:30','ADD'),('742019050344140006','202019050328930012','002','732019042218110002',33,'1010','30518940136629616640','测试','2019-05-03 09:53:37','ADD'),('742019050374590007','202019050395750014','001','732019042644990001',33,'1010','30518940136629616640','测试','2019-05-03 10:01:33','ADD'),('742019050389780008','202019050307280016','002','732019042644990001',33,'1010','30518940136629616640','测试','2019-05-03 10:01:49','ADD'),('742019050374590007','202019050375210002','001','732019042644990001',33,'1010','30518940136629616640','测试','2019-05-03 11:06:58','DEl'),('742019050374590007','202019050375210002','0011','732019042644990001',31,'2020','30518940136629616640','测试1','2019-05-03 11:06:58','ADD'),('742019050374590007','202019050346780002','001','732019042644990001',33,'1010','30518940136629616640','测试','2019-05-03 11:36:42','DEl'),('742019050374590007','202019050346780002','0011','732019042644990001',31,'2020','30518940136629616640','测试1','2019-05-03 11:36:42','ADD'),('742019050325230001','202019050357280004','001','732019042644990001',33,'1010','30518940136629616640','测试','2019-05-03 11:37:00','ADD'),('742019050466970002','202019050474860006','001','732019042790640002',33,'1010','30518940136629616640','123456','2019-05-04 10:48:39','ADD'),('742019050466970002','202019050470920008','001','732019042790640002',33,'1010','30518940136629616640','123456','2019-05-04 10:48:57','DEl'),('742019050466970002','202019050470920008','002','732019042790640002',33,'1010','30518940136629616640','123456','2019-05-04 10:48:57','ADD'),('742019050466970002','202019050486630010','002','732019042790640002',33,'1010','30518940136629616640','123456','2019-05-04 10:49:06','DEl'),('742019050466970002','202019050486630010','001','732019042790640002',33,'1010','30518940136629616640','123456','2019-05-04 10:49:06','ADD'),('742019050358480002','202019050467640002','002','732019042181450002',33,'1010','30518940136629616640','测试','2019-05-04 13:24:57','DEl'),('742019050493150001','202019050497010002','002','732019042181450002',33,'1010','30518940136629616640','','2019-05-04 13:45:46','ADD'),('742019050493150001','202019050441380004','002','732019042181450002',33,'1010','30518940136629616640','','2019-05-04 13:45:57','DEl'),('742019050493150001','202019050441380004','002','732019042181450002',33,'1010','30518940136629616640','123456','2019-05-04 13:45:57','ADD'),('742019050493150001','202019050486680006','002','732019042181450002',33,'1010','30518940136629616640','123456','2019-05-04 13:46:08','DEl'),('742019050497530002','202019050422440008','001','732019042921980002',33,'2020','30518940136629616640','','2019-05-04 13:47:01','ADD'),('742019050697580001','202019050638030002','002','732019042181450002',33,'1010','30518940136629616640','','2019-05-06 02:16:50','ADD'),('742019050683430002','202019050656610005','002','732019042181450002',33,'1010','30518940136629616640','','2019-05-06 02:17:02','ADD'),('742019050702710001','202019050745870002','001','732019042715940003',33,'1010','30518940136629616640','','2019-05-06 16:08:48','ADD'),('742019050785380002','202019050722290004','001','732019042773170001',33,'1010','30518940136629616640','','2019-05-06 19:41:42','ADD');

/*Table structure for table `business_community` */

DROP TABLE IF EXISTS `business_community`;

CREATE TABLE `business_community` (
  `community_id` varchar(30) NOT NULL COMMENT '小区ID',
  `b_id` varchar(30) NOT NULL COMMENT '业务Id',
  `name` varchar(100) NOT NULL COMMENT '小区名称',
  `address` varchar(200) NOT NULL COMMENT '小区地址',
  `city_code` varchar(12) NOT NULL COMMENT '根据定位获取城市编码',
  `nearby_landmarks` varchar(200) DEFAULT NULL COMMENT '地标，如王府井北60米',
  `map_x` varchar(20) NOT NULL COMMENT '地区 x坐标',
  `map_y` varchar(20) NOT NULL COMMENT '地区 y坐标',
  `month` int(11) NOT NULL COMMENT '月份',
  `create_time` timestamp NOT NULL DEFAULT CURRENT_TIMESTAMP COMMENT '创建时间',
  `operate` varchar(3) NOT NULL COMMENT '数据状态，添加ADD，修改MOD 删除DEL',
  `state` varchar(4) DEFAULT '1000' COMMENT '审核状态',
  KEY `idx_business_community_id` (`community_id`),
  KEY `idx_business_community_b_id` (`b_id`)
) ENGINE=InnoDB DEFAULT CHARSET=utf8
/*!50100 PARTITION BY RANGE (`month`)
(PARTITION business_community_1 VALUES LESS THAN (2) ENGINE = InnoDB,
 PARTITION business_community_2 VALUES LESS THAN (3) ENGINE = InnoDB,
 PARTITION business_community_3 VALUES LESS THAN (4) ENGINE = InnoDB,
 PARTITION business_community_4 VALUES LESS THAN (5) ENGINE = InnoDB,
 PARTITION business_community_5 VALUES LESS THAN (6) ENGINE = InnoDB,
 PARTITION business_community_6 VALUES LESS THAN (7) ENGINE = InnoDB,
 PARTITION business_community_7 VALUES LESS THAN (8) ENGINE = InnoDB,
 PARTITION business_community_8 VALUES LESS THAN (9) ENGINE = InnoDB,
 PARTITION business_community_9 VALUES LESS THAN (10) ENGINE = InnoDB,
 PARTITION business_community_10 VALUES LESS THAN (11) ENGINE = InnoDB,
 PARTITION business_community_11 VALUES LESS THAN (12) ENGINE = InnoDB,
 PARTITION business_community_12 VALUES LESS THAN (13) ENGINE = InnoDB) */;

/*Data for the table `business_community` */

insert  into `business_community`(`community_id`,`b_id`,`name`,`address`,`city_code`,`nearby_landmarks`,`map_x`,`map_y`,`month`,`create_time`,`operate`,`state`) values ('702019051474290001','1234567891','万博家博园（城西区）','青海省西宁市城中区129号','100010','王府井旁30米','101.801909','36.597263',5,'2019-05-14 09:19:04','ADD','1000'),('702019051443120001','22234567891','万博家博园（城南区）','青海省西宁市城中区129号','100010','王府井旁30米','101.801909','36.597263',5,'2019-05-14 09:24:07','ADD','1000'),('702019051636890002','52234567891','万博家博园（城V区）','青海省西宁市城中区129号','100010','王府井旁30米','101.801909','36.597263',5,'2019-05-16 02:00:00','ADD','1000'),('702019051614110008','72234567891','万博家博园（城V区）','青海省西宁市城中区129号','100010','王府井旁30米','101.801909','36.597263',5,'2019-05-16 02:07:20','ADD','1000'),('702019051621670004','82234567891','万博家博园（城V区）','青海省西宁市城中区129号','100010','王府井旁30米','101.801909','36.597263',5,'2019-05-16 02:11:01','ADD','1000'),('702019051635110010','92234567892','万博家博园（城V区）','青海省西宁市城中区129号','100010','王府井旁30米','101.801909','36.597263',5,'2019-05-16 02:17:16','ADD','1000'),('702019051626540004','92234567896','万博家博园（城V区）','青海省西宁市城中区129号','100010','王府井旁30米','101.801909','36.597263',5,'2019-05-16 02:36:50','ADD','1000'),('702019073109590004','202019073166840048','江林新城','西安市','0971','子午大道南三环','101.33','101.33',7,'2019-07-31 05:24:43','ADD','1000'),('7020181217000002','202019091888080004','格兰小镇(西宁)','青海省西宁市城中区申宁路6','8630100','安馨雅苑北100米','102.909090','',9,'2019-09-18 14:30:23','DEl','1000'),('7020181217000002','202019091888080004','格兰小镇(西宁)','青海省西宁市城中区申宁路6','8630100','安馨雅苑北100米','102.909090','',9,'2019-09-18 14:30:23','ADD','1200'),('702019073109590004','202019091810360006','江林新城','西安市','0971','子午大道南三环','101.33','101.33',9,'2019-09-18 15:01:09','DEl','1000'),('702019073109590004','202019091810360006','江林新城','西安市','0971','子午大道南三环','101.33','101.33',9,'2019-09-18 15:01:09','ADD','1100'),('702019051626540004','202019091915450004','万博家博园（城V区）','青海省西宁市城中区129号','100010','王府井旁30米','101.801909','36.597263',9,'2019-09-19 00:39:10','DEl','1000'),('702019051626540004','202019091915450004','万博家博园（城V区）','青海省西宁市城中区129号','100010','王府井旁30米','101.801909','36.597263',9,'2019-09-19 00:39:10','ADD','1100'),('702019051614110008','202019091998190018','万博家博园（城V区）','青海省西宁市城中区129号','100010','王府井旁30米','101.801909','36.597263',9,'2019-09-19 01:20:35','DEl','1000'),('702019051614110008','202019091998190018','万博家博园（城V区）','青海省西宁市城中区129号','100010','王府井旁30米','101.801909','36.597263',9,'2019-09-19 01:20:35','ADD','1100'),('702019051636890002','202019091983360020','万博家博园（城V区）','青海省西宁市城中区129号','100010','王府井旁30米','101.801909','36.597263',9,'2019-09-19 01:20:42','DEl','1000'),('702019051636890002','202019091983360020','万博家博园（城V区）','青海省西宁市城中区129号','100010','王府井旁30米','101.801909','36.597263',9,'2019-09-19 01:20:42','ADD','1100'),('7020181217000002','202019091984750022','格兰小镇(西宁)','青海省西宁市城中区申宁路6','8630100','安馨雅苑北100米','102.909090','',9,'2019-09-19 01:21:02','DEl','1200'),('7020181217000002','202019091984750022','格兰小镇(西宁)','青海省西宁市城中区申宁路6','8630100','安馨雅苑北100米','102.909090','',9,'2019-09-19 01:21:02','ADD','1100'),('7020181217000002','202019091989030006','格兰小镇(西宁)','青海省西宁市城中区申宁路6','8630100','安馨雅苑北100米','102.909090','',9,'2019-09-19 08:12:16','DEl','1100'),('7020181217000002','202019091989030006','格兰小镇(西宁)','青海省西宁市城中区申宁路6','8630100','安馨雅苑北100米','102.909090','',9,'2019-09-19 08:12:16','ADD','1000'),('702019101101010002','202019101182250079','中南海紫光阁','天安门东侧','0971','天安门','101.33','101.33',10,'2019-10-11 17:51:04','ADD','1000'),('702019101101010002','202019101131300084','中南海紫光阁','天安门东侧','0971','天安门','101.33','101.33',10,'2019-10-11 17:52:31','DEl','1000'),('702019101101010002','202019101131300084','中南海紫光阁','天安门东侧','0971','天安门','101.33','101.33',10,'2019-10-11 17:52:31','ADD','1100'),('7020181217000001','1234567890','方博家园','青海省西宁市城中区129号','100010','王府井旁30米','101.801909','36.597263',12,'2018-12-17 04:52:55','ADD','1000'),('7020181217000001','1234567891','方博家园','青海省西宁市城中区129号','100010','王府井旁30米','101.801909','36.597263',12,'2018-12-17 05:06:14','DEl','1000'),('7020181217000001','1234567891','万博家博园（城西区）','青海省西宁市城中区129号','100010','王府井旁30米','101.801909','36.597263',12,'2018-12-17 05:06:14','ADD','1000');

/*Table structure for table `business_community_attr` */

DROP TABLE IF EXISTS `business_community_attr`;

CREATE TABLE `business_community_attr` (
  `b_id` varchar(30) NOT NULL COMMENT '订单ID',
  `attr_id` varchar(30) NOT NULL COMMENT '属性id',
  `community_id` varchar(30) NOT NULL COMMENT '用户ID',
  `spec_cd` varchar(12) NOT NULL COMMENT '规格id,参考spec表',
  `value` varchar(50) NOT NULL COMMENT '属性值',
  `month` int(11) NOT NULL COMMENT '月份',
  `create_time` timestamp NOT NULL DEFAULT CURRENT_TIMESTAMP COMMENT '创建时间',
  `operate` varchar(3) NOT NULL COMMENT '数据状态，添加ADD，修改MOD 删除DEL',
  KEY `idx_business_attr_community_id` (`community_id`),
  KEY `idx_business_community_attr_b_id` (`b_id`),
  KEY `idx_business_b_room_attr_b_id` (`b_id`)
) ENGINE=InnoDB DEFAULT CHARSET=utf8
/*!50100 PARTITION BY RANGE (`month`)
(PARTITION business_community_attr_1 VALUES LESS THAN (2) ENGINE = InnoDB,
 PARTITION business_community_attr_2 VALUES LESS THAN (3) ENGINE = InnoDB,
 PARTITION business_community_attr_3 VALUES LESS THAN (4) ENGINE = InnoDB,
 PARTITION business_community_attr_4 VALUES LESS THAN (5) ENGINE = InnoDB,
 PARTITION business_community_attr_5 VALUES LESS THAN (6) ENGINE = InnoDB,
 PARTITION business_community_attr_6 VALUES LESS THAN (7) ENGINE = InnoDB,
 PARTITION business_community_attr_7 VALUES LESS THAN (8) ENGINE = InnoDB,
 PARTITION business_community_attr_8 VALUES LESS THAN (9) ENGINE = InnoDB,
 PARTITION business_community_attr_9 VALUES LESS THAN (10) ENGINE = InnoDB,
 PARTITION business_community_attr_10 VALUES LESS THAN (11) ENGINE = InnoDB,
 PARTITION business_community_attr_11 VALUES LESS THAN (12) ENGINE = InnoDB,
 PARTITION business_community_attr_12 VALUES LESS THAN (13) ENGINE = InnoDB) */;

/*Data for the table `business_community_attr` */

insert  into `business_community_attr`(`b_id`,`attr_id`,`community_id`,`spec_cd`,`value`,`month`,`create_time`,`operate`) values ('1234567891','112018121700000002','702019051474290001','1001','01',5,'2019-05-14 09:19:04','ADD'),('22234567891','112018121700000002','702019051443120001','1001','01',5,'2019-05-14 09:24:07','ADD'),('3234567891','112019051518580002','702019051551820001','1001','01',5,'2019-05-15 12:49:49','ADD'),('42234567891','112018121700000002','702019051695520001','1001','01',5,'2019-05-16 01:48:17','ADD'),('52234567891','112019051660390003','702019051636890002','1001','01',5,'2019-05-16 02:00:00','ADD'),('62234567891','112019051644260006','702019051650000005','1001','01',5,'2019-05-16 02:05:03','ADD'),('72234567891','112019051666470009','702019051614110008','1001','01',5,'2019-05-16 02:07:20','ADD'),('92234567895','112019051677580002','702019051666020001','1001','01',5,'2019-05-16 02:34:38','ADD'),('92234567896','112019051654920005','702019051626540004','1001','01',5,'2019-05-16 02:36:50','ADD'),('92234567897','112019051647380002','702019051696930001','1001','01',5,'2019-05-16 02:43:26','ADD'),('1234567890','112018121700000002','7020181217000001','1001','01',12,'2018-12-17 04:52:55','ADD'),('1234567891','112018121700000002','7020181217000001','1001','01',12,'2018-12-17 05:06:15','DEl'),('1234567891','112018121700000002','7020181217000001','1001','01',12,'2018-12-17 05:06:15','ADD');

/*Table structure for table `business_community_member` */

DROP TABLE IF EXISTS `business_community_member`;

CREATE TABLE `business_community_member` (
  `community_member_id` varchar(30) NOT NULL COMMENT 'ID',
  `b_id` varchar(30) NOT NULL COMMENT '业务Id',
  `community_id` varchar(30) NOT NULL COMMENT '小区ID',
  `member_id` varchar(50) NOT NULL COMMENT '成员ID',
  `member_type_cd` varchar(12) NOT NULL COMMENT '成员类型见 community_member_type表',
  `month` int(11) NOT NULL COMMENT '月份',
  `create_time` timestamp NOT NULL DEFAULT CURRENT_TIMESTAMP COMMENT '创建时间',
  `operate` varchar(3) NOT NULL COMMENT '数据状态，添加ADD，修改MOD 删除DEL',
  `audit_status_cd` varchar(4) NOT NULL DEFAULT '0000' COMMENT '审核状态',
  KEY `idx_business_member_community_id` (`community_id`),
  KEY `idx_business_community_member_b_id` (`b_id`)
) ENGINE=InnoDB DEFAULT CHARSET=utf8
/*!50100 PARTITION BY RANGE (`month`)
(PARTITION business_community_member_1 VALUES LESS THAN (2) ENGINE = InnoDB,
 PARTITION business_community_member_2 VALUES LESS THAN (3) ENGINE = InnoDB,
 PARTITION business_community_member_3 VALUES LESS THAN (4) ENGINE = InnoDB,
 PARTITION business_community_member_4 VALUES LESS THAN (5) ENGINE = InnoDB,
 PARTITION business_community_member_5 VALUES LESS THAN (6) ENGINE = InnoDB,
 PARTITION business_community_member_6 VALUES LESS THAN (7) ENGINE = InnoDB,
 PARTITION business_community_member_7 VALUES LESS THAN (8) ENGINE = InnoDB,
 PARTITION business_community_member_8 VALUES LESS THAN (9) ENGINE = InnoDB,
 PARTITION business_community_member_9 VALUES LESS THAN (10) ENGINE = InnoDB,
 PARTITION business_community_member_10 VALUES LESS THAN (11) ENGINE = InnoDB,
 PARTITION business_community_member_11 VALUES LESS THAN (12) ENGINE = InnoDB,
 PARTITION business_community_member_12 VALUES LESS THAN (13) ENGINE = InnoDB) */;

/*Data for the table `business_community_member` */

insert  into `business_community_member`(`community_member_id`,`b_id`,`community_id`,`member_id`,`member_type_cd`,`month`,`create_time`,`operate`,`audit_status_cd`) values ('722019041852540001','202019041834510002','7020181217000002','402019032924930007','390001200002',4,'2019-04-18 04:03:08','ADD','0000'),('722019041887470002','202019041891220004','7020181217000002','402019032924930007','390001200002',4,'2019-04-18 07:09:21','ADD','0000'),('7220181217000001','202019041834430002','7020181217000001','402019032924930007','390001200002',4,'2019-04-18 15:31:02','DEl','0000'),('7220181217000001','202019041884620004','7020181217000001','402019032924930007','390001200002',4,'2019-04-18 15:39:27','DEl','0000'),('7220181217000001','202019041850040006','7020181217000001','402019032924930007','390001200002',4,'2019-04-18 15:44:55','DEl','0000'),('722019042647500001','202019042632530003','7020181217000001','732019042665380001','390001200004',4,'2019-04-26 08:34:30','ADD','0000'),('722019042683690002','202019042646640006','7020181217000001','732019042604640002','390001200004',4,'2019-04-26 08:37:11','ADD','0000'),('722019042658320003','202019042644750009','7020181217000001','732019042622070003','390001200004',4,'2019-04-26 08:45:15','ADD','0000'),('722019042695080004','202019042644760012','7020181217000001','732019042656310004','390001200004',4,'2019-04-26 08:57:16','ADD','0000'),('722019042615080005','202019042641830015','7020181217000001','732019042657550005','390001200004',4,'2019-04-26 08:59:41','ADD','0000'),('722019042626080001','202019042640630003','7020181217000001','732019042607010001','390001200004',4,'2019-04-26 09:14:11','ADD','0000'),('722019042667870002','202019042653890006','7020181217000001','732019042653170002','390001200004',4,'2019-04-26 09:14:59','ADD','0000'),('722019042619710003','202019042649120009','7020181217000001','732019042653880003','390001200004',4,'2019-04-26 09:22:08','ADD','0000'),('722019042699390004','202019042655970012','7020181217000001','732019042687750004','390001200004',4,'2019-04-26 09:24:55','ADD','0000'),('722019042613970001','202019042677430003','7020181217000001','732019042644990001','390001200004',4,'2019-04-26 09:53:42','ADD','0000'),('722019042782690001','202019042723970002','7020181217000002','402019032924930007','390001200002',4,'2019-04-26 16:59:00','ADD','1000'),('722019042708930002','202019042776600004','7020181217000002','402019032924930007','390001200002',4,'2019-04-26 16:59:32','ADD','1000'),('722019042788240003','202019042799620006','7020181217000002','402019032924930007','390001200002',4,'2019-04-26 17:05:00','ADD','1000'),('722019042737600001','202019042750320003','7020181217000001','732019042773170001','390001200004',4,'2019-04-26 17:30:55','ADD','0000'),('722019042774370002','202019042735920006','7020181217000001','732019042790640002','390001200004',4,'2019-04-26 17:37:14','ADD','0000'),('722019042735900003','202019042785490009','7020181217000001','732019042715940003','390001200004',4,'2019-04-26 17:38:57','ADD','0000'),('722019042785690004','202019042717160014','7020181217000001','732019042784130004','390001200004',4,'2019-04-27 11:56:56','ADD','0000'),('722019042851120001','202019042875350007','7020181217000001','732019042893370001','390001200004',4,'2019-04-28 09:53:54','ADD','0000'),('722019042851120001','202019042988310003','7020181217000001','732019042893370001','390001200004',4,'2019-04-28 17:17:10','DEl','0000'),('722019042956360001','202019042922430006','7020181217000001','732019042937930001','390001200004',4,'2019-04-28 17:19:24','ADD','0000'),('722019042956360001','202019042912540011','7020181217000001','732019042937930001','390001200004',4,'2019-04-28 17:19:44','DEl','0000'),('722019042953950001','202019042971000003','7020181217000001','732019042908600001','390001200004',4,'2019-04-29 09:14:52','ADD','0000'),('722019042922660002','202019042921120006','7020181217000001','732019042921980002','390001200004',4,'2019-04-29 09:21:46','ADD','0000'),('722019042983420003','202019042979290009','7020181217000001','732019042986310003','390001200004',4,'2019-04-29 09:21:59','ADD','0000'),('722019042992290004','202019042945820012','7020181217000001','732019042905340004','390001200004',4,'2019-04-29 09:22:28','ADD','0000'),('722019042933990005','202019042915470015','7020181217000001','732019042939210005','390001200004',4,'2019-04-29 09:22:43','ADD','0000'),('722019042921800006','202019042987920018','7020181217000001','732019042925840006','390001200004',4,'2019-04-29 09:22:55','ADD','0000'),('722019042960050007','202019042948530021','7020181217000001','732019042954400007','390001200004',4,'2019-04-29 09:23:08','ADD','0000'),('722019042940530008','202019042936100024','7020181217000001','732019042907570008','390001200004',4,'2019-04-29 09:23:40','ADD','0000'),('722019042933000001','202019042995080003','7020181217000001','732019042904050001','390001200004',4,'2019-04-29 11:47:35','ADD','0000'),('722019042974160002','202019042970510006','7020181217000001','732019042937750002','390001200004',4,'2019-04-29 11:48:06','ADD','0000'),('722019052691200001','202019052611510002','702019051621670004','402019032924930007','390001200002',5,'2019-05-26 00:33:00','ADD','1000'),('722019052752930004','202019052781440022','702019051621670004','402019032924930007','390001200002',5,'2019-05-27 03:49:01','ADD','1000'),('722019052989180005','202019052983980024','702019051621670004','402019032924930007','390001200002',5,'2019-05-29 01:06:30','ADD','1000'),('722019052963450006','202019052971770026','702019051621670004','402019032924930007','390001200002',5,'2019-05-29 09:16:15','ADD','1000'),('722019053176070008','202019053176570030','702019051621670004','402019032924930007','390001200002',5,'2019-05-31 02:01:58','ADD','1000'),('722019060243130001','202019060243610008','702019051635110010','402019032924930007','390001200002',6,'2019-06-02 05:27:03','ADD','1000'),('722019060408960001','202019060430620014','702019051621670004','402019032924930007','390001200002',6,'2019-06-04 09:36:58','ADD','1000'),('722019060553610001','202019060575570002','702019051621670004','402019032924930007','390001200002',6,'2019-06-05 03:25:41','ADD','1000'),('722019060550710002','202019060548330007','702019051621670004','402019032924930007','390001200002',6,'2019-06-05 10:41:47','ADD','1000'),('722019060691150001','202019060652360002','702019051621670004','402019032924930007','390001200002',6,'2019-06-05 16:38:53','ADD','1000'),('722019060687500003','202019060669570006','702019051621670004','402019032924930007','390001200002',6,'2019-06-05 16:39:09','ADD','1000'),('722019061031170001','202019061062310010','702019051635110010','402019032924930007','390001200002',6,'2019-06-10 14:56:09','ADD','1000'),('722019061288020001','202019061257890004','702019051621670004','402019032924930007','390001200002',6,'2019-06-12 03:16:06','ADD','1000'),('722019061207410002','202019061252300014','702019051635110010','402019032924930007','390001200002',6,'2019-06-12 07:37:52','ADD','1000'),('722019061299940003','202019061236180016','702019051635110010','402019032924930007','390001200002',6,'2019-06-12 07:38:05','ADD','1000'),('722019061281300004','202019061229120018','702019051621670004','402019032924930007','390001200002',6,'2019-06-12 07:38:10','ADD','1000'),('722019061217810005','202019061258130024','702019051621670004','402019032924930007','390001200002',6,'2019-06-12 07:38:32','ADD','1000'),('722019061299690006','202019061212260026','702019051635110010','402019032924930007','390001200002',6,'2019-06-12 07:38:38','ADD','1000'),('722019061394610001','202019061350700002','702019051621670004','402019032924930007','390001200002',6,'2019-06-13 07:24:12','ADD','1000'),('722019061306600002','202019061368270004','702019051635110010','402019032924930007','390001200002',6,'2019-06-13 07:24:22','ADD','1000'),('722019061513890001','202019061549050002','702019051635110010','402019032924930007','390001200002',6,'2019-06-15 14:01:48','ADD','1000'),('722019061543040002','202019061538370004','702019051621670004','402019032924930007','390001200002',6,'2019-06-15 14:01:56','ADD','1000'),('722019061894320003','202019061843060015','702019051621670004','402019032924930007','390001200002',6,'2019-06-18 04:32:31','ADD','1000'),('722019061869360004','202019061876850017','702019051621670004','402019032924930007','390001200002',6,'2019-06-18 04:32:35','ADD','1000'),('722019062033910001','202019062013740002','702019051621670004','402019032924930007','390001200002',6,'2019-06-20 02:27:11','ADD','1000'),('722019062065550002','202019062026530004','702019051635110010','402019032924930007','390001200002',6,'2019-06-20 02:27:22','ADD','1000'),('722019062001570003','202019062094010006','702019051621670004','402019032924930007','390001200002',6,'2019-06-20 02:27:34','ADD','1000'),('722019062009060004','202019062020720010','702019051635110010','402019032924930007','390001200002',6,'2019-06-20 05:07:15','ADD','1000'),('722019062035720005','202019062022000012','702019051621670004','402019032924930007','390001200002',6,'2019-06-20 05:07:20','ADD','1000'),('722019062527750001','202019062522390002','702019051621670004','402019032924930007','390001200002',6,'2019-06-25 11:53:04','ADD','1000'),('722019062543290002','202019062567610004','702019051621670004','402019032924930007','390001200002',6,'2019-06-25 13:31:27','ADD','1000'),('722019062591150003','202019062563960006','702019051621670004','402019032924930007','390001200002',6,'2019-06-25 13:33:23','ADD','1000'),('722019062541720006','202019062530630023','702019051621670004','402019032924930007','390001200002',6,'2019-06-25 14:24:34','ADD','1000'),('722019062500650007','202019062569410025','702019051635110010','402019032924930007','390001200002',6,'2019-06-25 14:24:42','ADD','1000'),('722019062594310008','202019062553690027','702019051621670004','402019032924930007','390001200002',6,'2019-06-25 14:59:34','ADD','1000'),('722019062582860009','202019062526510029','702019051635110010','402019032924930007','390001200002',6,'2019-06-25 14:59:38','ADD','1000'),('722019062575230010','202019062585320033','702019051621670004','402019032924930007','390001200002',6,'2019-06-25 15:07:09','ADD','1000'),('722019062648930011','202019062611920039','702019051621670004','402019032924930007','390001200002',6,'2019-06-25 16:12:14','ADD','1000'),('722019062672190012','202019062634170041','702019051635110010','402019032924930007','390001200002',6,'2019-06-25 16:12:19','ADD','1000'),('722019062648210013','202019062637110051','702019051621670004','402019032924930007','390001200002',6,'2019-06-26 01:08:51','ADD','1000'),('722019062673440015','202019062642740055','702019051621670004','402019032924930007','390001200002',6,'2019-06-26 01:44:13','ADD','1000'),('722019062646790016','202019062614150062','702019051621670004','402019032924930007','390001200002',6,'2019-06-26 04:14:58','ADD','1000'),('722019062608410017','202019062613730074','702019051621670004','402019032924930007','390001200002',6,'2019-06-26 04:38:00','ADD','1000'),('722019062661900018','202019062675500076','702019051635110010','402019032924930007','390001200002',6,'2019-06-26 04:38:05','ADD','1000'),('722019062612970019','202019062608270078','702019051621670004','402019032924930007','390001200002',6,'2019-06-26 06:15:13','ADD','1000'),('722019062646980020','202019062691450084','702019051621670004','402019032924930007','390001200002',6,'2019-06-26 06:20:55','ADD','1000'),('722019062671640021','202019062659760086','702019051621670004','402019032924930007','390001200002',6,'2019-06-26 06:30:11','ADD','1000'),('722019062654790022','202019062614950088','702019051621670004','402019032924930007','390001200002',6,'2019-06-26 06:31:38','ADD','1000'),('722019062627800023','202019062664240094','702019051621670004','402019032924930007','390001200002',6,'2019-06-26 07:03:32','ADD','1000'),('722019062699260024','202019062659130096','702019051621670004','402019032924930007','390001200002',6,'2019-06-26 07:07:32','ADD','1000'),('722019062665690025','202019062673000098','702019051635110010','402019032924930007','390001200002',6,'2019-06-26 07:07:40','ADD','1000'),('722019062616660026','202019062667160100','702019051621670004','402019032924930007','390001200002',6,'2019-06-26 08:49:19','ADD','1000'),('722019062649820027','202019062619070106','702019051621670004','402019032924930007','390001200002',6,'2019-06-26 09:16:42','ADD','1000'),('722019062664790028','202019062694110108','702019051635110010','402019032924930007','390001200002',6,'2019-06-26 09:17:08','ADD','1000'),('722019062668230029','202019062697910110','702019051621670004','402019032924930007','390001200002',6,'2019-06-26 09:30:08','ADD','1000'),('722019062619870030','202019062625680112','702019051621670004','402019032924930007','390001200002',6,'2019-06-26 09:43:38','ADD','1000'),('722019062655760031','202019062600020123','702019051621670004','402019032924930007','390001200002',6,'2019-06-26 10:47:03','ADD','1000'),('722019062663230032','202019062678780125','702019051621670004','402019032924930007','390001200002',6,'2019-06-26 11:04:26','ADD','1000'),('722019062681600033','202019062600610137','702019051621670004','402019032924930007','390001200002',6,'2019-06-26 11:36:10','ADD','1000'),('722019062683430034','202019062609850139','702019051621670004','402019032924930007','390001200002',6,'2019-06-26 11:50:36','ADD','1000'),('722019062666330035','202019062676140141','702019051621670004','402019032924930007','390001200002',6,'2019-06-26 12:19:54','ADD','1000'),('722019062672500036','202019062669260151','702019051621670004','402019032924930007','390001200002',6,'2019-06-26 12:20:08','ADD','1000'),('722019062681430037','202019062604450155','702019051635110010','402019032924930007','390001200002',6,'2019-06-26 12:21:09','ADD','1000'),('722019062637240038','202019062680610161','702019051621670004','402019032924930007','390001200002',6,'2019-06-26 14:48:56','ADD','1000'),('722019062639870039','202019062692100163','702019051635110010','402019032924930007','390001200002',6,'2019-06-26 14:49:01','ADD','1000'),('722019062666310040','202019062685760167','702019051621670004','402019032924930007','390001200002',6,'2019-06-26 15:04:30','ADD','1000'),('722019062717300041','202019062776320171','702019051635110010','402019032924930007','390001200002',6,'2019-06-27 02:42:48','ADD','1000'),('722019062732540042','202019062779660185','702019051621670004','402019032924930007','390001200002',6,'2019-06-27 03:23:22','ADD','1000'),('722019062743910043','202019062773330187','702019051635110010','402019032924930007','390001200002',6,'2019-06-27 03:23:26','ADD','1000'),('722019062799420044','202019062733480189','702019051621670004','402019032924930007','390001200002',6,'2019-06-27 03:23:28','ADD','1000'),('722019062706420045','202019062731550191','702019051621670004','402019032924930007','390001200002',6,'2019-06-27 03:23:35','ADD','1000'),('722019062726750047','202019062718490195','702019051621670004','402019032924930007','390001200002',6,'2019-06-27 03:43:45','ADD','1000'),('722019062747420048','202019062702690230','702019051635110010','402019032924930007','390001200002',6,'2019-06-27 05:55:33','ADD','1000'),('722019062701030049','202019062758120232','702019051635110010','402019032924930007','390001200002',6,'2019-06-27 05:55:40','ADD','1000'),('722019062715270050','202019062786090234','702019051621670004','402019032924930007','390001200002',6,'2019-06-27 06:23:00','ADD','1000'),('722019062723470052','202019062769620247','702019051621670004','402019032924930007','390001200002',6,'2019-06-27 06:46:39','ADD','1000'),('722019062773180056','202019062743230261','702019051635110010','402019032924930007','390001200002',6,'2019-06-27 07:09:16','ADD','1000'),('722019062784740057','202019062767130263','702019051635110010','402019032924930007','390001200002',6,'2019-06-27 07:09:20','ADD','1000'),('722019062726700058','202019062719380265','702019051621670004','402019032924930007','390001200002',6,'2019-06-27 07:09:22','ADD','1000'),('722019062795810059','202019062770970271','702019051621670004','402019032924930007','390001200002',6,'2019-06-27 07:31:27','ADD','1000'),('722019062768480001','202019062746420002','702019051635110010','402019032924930007','390001200002',6,'2019-06-27 08:45:37','ADD','1000'),('722019062719270002','202019062775520008','702019051635110010','402019032924930007','390001200002',6,'2019-06-27 09:30:17','ADD','1000'),('722019062768680003','202019062701330010','702019051621670004','402019032924930007','390001200002',6,'2019-06-27 09:30:20','ADD','1000'),('722019062751130004','202019062719120012','702019051635110010','402019032924930007','390001200002',6,'2019-06-27 10:05:10','ADD','1000'),('722019062813710005','202019062846050014','702019051621670004','402019032924930007','390001200002',6,'2019-06-27 16:10:48','ADD','1000'),('722019062841500006','202019062873320016','702019051621670004','402019032924930007','390001200002',6,'2019-06-28 01:02:49','ADD','1000'),('722019062855410007','202019062866830019','702019051621670004','400000000000000002','390001200005',6,'2019-06-28 01:15:32','ADD','0000'),('722019062834090008','202019062809800021','702019051621670004','400000000000000001','390001200000',6,'2019-06-28 01:23:09','ADD','0000'),('722019062891120010','202019062809160033','702019051621670004','400000000000000001','390001200000',6,'2019-06-28 08:21:31','ADD','0000'),('722019062897590011','202019062844380037','702019051621670004','402019032924930007','390001200002',6,'2019-06-28 09:41:01','ADD','1000'),('722019062841370012','202019062828630039','702019051621670004','402019032924930007','390001200002',6,'2019-06-28 11:34:57','ADD','1000'),('722019062860810013','202019062832370043','702019051621670004','402019032924930007','390001200002',6,'2019-06-28 12:40:55','ADD','1000'),('722019062824900014','202019062863890045','702019051621670004','400000000000000001','390001200000',6,'2019-06-28 14:42:13','ADD','0000'),('722019063018370015','202019063042340047','702019051621670004','400000000000000001','390001200000',6,'2019-06-30 04:35:09','ADD','0000'),('722019063019280016','202019063087590049','702019051621670004','402019032924930007','390001200002',6,'2019-06-30 04:36:58','ADD','1000'),('722019063017660017','202019063002140051','702019051635110010','402019032924930007','390001200002',6,'2019-06-30 04:37:06','ADD','1000'),('722019063000210018','202019063044740053','702019051621670004','400000000000000001','390001200000',6,'2019-06-30 10:48:11','ADD','0000'),('722019070179740019','202019070177170055','702019051621670004','402019062754960011','390001200003',7,'2019-07-01 04:24:45','ADD','0000'),('722019070168180020','202019070178410059','702019051621670004','402019032924930007','390001200002',7,'2019-07-01 06:57:12','ADD','1000'),('722019070175190021','202019070133770061','702019051635110010','402019032924930007','390001200002',7,'2019-07-01 06:57:16','ADD','1000'),('722019070180450022','202019070132650067','702019051621670004','402019062754960011','390001200003',7,'2019-07-01 07:52:23','ADD','0000'),('722019070298580023','202019070219610072','702019051621670004','400000000000000001','390001200000',7,'2019-07-02 00:10:52','ADD','0000'),('722019070244380024','202019070272230074','702019051621670004','402019032924930007','390001200002',7,'2019-07-02 06:51:47','ADD','1000'),('722019070253920025','202019070238410076','702019051635110010','402019032924930007','390001200002',7,'2019-07-02 06:52:02','ADD','1000'),('722019070270970026','202019070202380078','702019051621670004','402019062754960011','390001200003',7,'2019-07-02 06:56:15','ADD','0000'),('722019070351790027','202019070350530080','702019051621670004','400000000000000001','390001200000',7,'2019-07-03 02:56:57','ADD','0000'),('722019070438010002','202019070408900004','702019051621670004','400000000000000001','390001200000',7,'2019-07-04 14:08:30','ADD','0000'),('722019070426770003','202019070401170006','702019051621670004','400000000000000001','390001200000',7,'2019-07-04 14:08:36','ADD','0000'),('722019070444840004','202019070403010008','702019051621670004','400000000000000001','390001200000',7,'2019-07-04 14:09:02','ADD','0000'),('722019070467630005','202019070436920010','702019051621670004','402019032924930007','390001200002',7,'2019-07-04 14:10:20','ADD','1000'),('722019070552470001','202019070508900002','702019051621670004','400000000000000001','390001200000',7,'2019-07-05 01:53:05','ADD','0000'),('722019070518390002','202019070560700004','702019051621670004','402019032924930007','390001200002',7,'2019-07-05 02:19:20','ADD','1000'),('722019070556520003','202019070575020006','702019051635110010','402019032924930007','390001200002',7,'2019-07-05 02:19:28','ADD','1000'),('722019070520260006','202019070567830017','702019051621670004','402019032924930007','390001200002',7,'2019-07-05 06:31:03','ADD','1000'),('722019070985960001','202019070914870002','702019051621670004','402019032924930007','390001200002',7,'2019-07-09 03:38:33','ADD','1000'),('722019070955930002','202019070971100004','702019051621670004','402019032924930007','390001200002',7,'2019-07-09 03:53:07','ADD','1000'),('722019071097150001','202019071039530008','702019051635110010','402019032924930007','390001200002',7,'2019-07-10 14:36:20','ADD','1000'),('722019071119500002','202019071124190010','702019051621670004','402019032924930007','390001200002',7,'2019-07-11 01:48:54','ADD','1000'),('722019071191720003','202019071174770012','702019051621670004','402019062754960011','390001200003',7,'2019-07-11 02:07:33','ADD','0000'),('722019071179090004','202019071159210014','702019051635110010','402019062754960011','390001200003',7,'2019-07-11 02:07:39','ADD','0000'),('722019071148540001','202019071113580002','702019051635110010','402019032924930007','390001200002',7,'2019-07-11 07:43:28','ADD','1000'),('722019071220080004','202019071254100012','702019051621670004','402019032924930007','390001200002',7,'2019-07-11 16:01:14','ADD','1000'),('722019071229210005','202019071276110014','702019051621670004','400000000000000002','390001200005',7,'2019-07-12 01:50:02','ADD','0000'),('722019071243880006','202019071220400016','702019051621670004','402019032924930007','390001200002',7,'2019-07-12 02:34:08','ADD','1000'),('722019071396920007','202019071323620018','702019051621670004','400000000000000001','390001200000',7,'2019-07-13 06:58:06','ADD','0000'),('722019071314110008','202019071394370020','702019051621670004','400000000000000001','390001200000',7,'2019-07-13 06:58:12','ADD','0000'),('722019071360930009','202019071340920022','702019051621670004','400000000000000001','390001200000',7,'2019-07-13 06:58:15','ADD','0000'),('722019071391470010','202019071378710024','702019051621670004','400000000000000001','390001200000',7,'2019-07-13 06:58:20','ADD','0000'),('722019071350290012','202019071339230030','702019051635110010','400000000000000001','390001200000',7,'2019-07-13 06:58:39','ADD','0000'),('722019071343860013','202019071381520036','702019051621670004','402019032924930007','390001200002',7,'2019-07-13 14:56:01','ADD','1000'),('722019071301710014','202019071389370038','702019051635110010','402019032924930007','390001200002',7,'2019-07-13 15:02:33','ADD','1000'),('722019071492430015','202019071426330040','702019051621670004','402019062754960011','390001200003',7,'2019-07-14 07:36:09','ADD','0000'),('722019071442370016','202019071475190042','702019051621670004','402019062754960011','390001200003',7,'2019-07-14 07:52:48','ADD','0000'),('722019071489750017','202019071452790044','702019051621670004','402019032924930007','390001200002',7,'2019-07-14 09:17:48','ADD','1000'),('722019071473460018','202019071436280046','702019051621670004','402019032924930007','390001200002',7,'2019-07-14 09:17:53','ADD','1000'),('722019071425780019','202019071480880048','702019051635110010','402019032924930007','390001200002',7,'2019-07-14 09:18:00','ADD','1000'),('722019071596460022','202019071579400057','702019051621670004','400000000000000002','390001200005',7,'2019-07-15 09:30:24','ADD','0000'),('722019071515510023','202019071594730059','702019051635110010','400000000000000002','390001200005',7,'2019-07-15 09:30:30','ADD','0000'),('722019071652480001','202019071687660002','702019051621670004','402019032924930007','390001200002',7,'2019-07-16 14:04:46','ADD','1000'),('722019071786070001','202019071785260013','702019051621670004','402019032924930007','390001200002',7,'2019-07-17 09:22:56','ADD','1000'),('722019071856570002','202019071829970015','702019051621670004','402019032924930007','390001200002',7,'2019-07-18 01:09:44','ADD','1000'),('722019071844410003','202019071892030019','702019051621670004','400000000000000001','390001200000',7,'2019-07-18 03:06:31','ADD','0000'),('722019071814560004','202019071809880021','702019051635110010','400000000000000001','390001200000',7,'2019-07-18 06:09:52','ADD','0000'),('722019071826120005','202019071882890025','702019051621670004','402019032924930007','390001200002',7,'2019-07-18 09:48:30','ADD','1000'),('722019071879230006','202019071876120031','702019051635110010','402019032924930007','390001200002',7,'2019-07-18 09:48:53','ADD','1000'),('722019071901620007','202019071930370037','702019051621670004','402019032924930007','390001200002',7,'2019-07-19 10:12:58','ADD','1000'),('722019071953130008','202019071941380039','702019051635110010','402019032924930007','390001200002',7,'2019-07-19 10:13:14','ADD','1000'),('722019071990710009','202019071950570041','702019051621670004','402019032924930007','390001200002',7,'2019-07-19 11:52:01','ADD','1000'),('722019071982960010','202019071958180043','702019051635110010','402019032924930007','390001200002',7,'2019-07-19 11:52:05','ADD','1000'),('722019071975680011','202019071981510045','702019051621670004','402019032924930007','390001200002',7,'2019-07-19 11:52:18','ADD','1000'),('722019071930190012','202019071926230047','702019051635110010','402019032924930007','390001200002',7,'2019-07-19 11:52:30','ADD','1000'),('722019072095110014','202019072010690053','702019051621670004','402019032924930007','390001200002',7,'2019-07-20 07:16:57','ADD','1000'),('722019072116890001','202019072133450002','702019051621670004','402019032924930007','390001200002',7,'2019-07-21 06:08:17','ADD','1000'),('722019072364460001','202019072395900002','702019051621670004','402019032924930007','390001200002',7,'2019-07-23 02:58:32','ADD','1000'),('722019072347980003','202019072309560010','702019051621670004','400000000000000001','390001200000',7,'2019-07-23 15:32:35','ADD','0000'),('722019072480750001','202019072412570002','702019051621670004','402019032924930007','390001200002',7,'2019-07-24 06:29:28','ADD','1000'),('722019072493120001','202019072475470002','702019051621670004','400000000000000001','390001200000',7,'2019-07-24 09:43:55','ADD','0000'),('722019072514480001','202019072568340002','702019051621670004','402019062754960011','390001200003',7,'2019-07-25 09:14:09','ADD','0000'),('722019072744940001','202019072714440002','702019051621670004','402019062754960011','390001200003',7,'2019-07-27 09:32:17','ADD','0000'),('722019072746970003','202019072721540007','702019051621670004','400000000000000002','390001200005',7,'2019-07-27 12:52:01','ADD','0000'),('722019072731330004','202019072781740009','702019051621670004','402019032924930007','390001200002',7,'2019-07-27 13:23:14','ADD','1000'),('722019072942200005','202019072998190011','702019051621670004','400000000000000001','390001200000',7,'2019-07-29 11:06:03','ADD','0000'),('722019073075110006','202019073053740015','702019051621670004','402019032924930007','390001200002',7,'2019-07-30 08:41:15','ADD','1000'),('722019073032700008','202019073059550022','702019051621670004','402019032924930007','390001200002',7,'2019-07-30 11:53:30','ADD','1000'),('722019073121880010','202019073112320034','702019051621670004','402019032924930007','390001200002',7,'2019-07-31 04:40:29','ADD','1000'),('722019073116720011','202019073196910036','702019051621670004','400000000000000001','390001200000',7,'2019-07-31 04:45:59','ADD','0000'),('722019073116780012','202019073157580038','702019051621670004','400000000000000001','390001200000',7,'2019-07-31 04:46:07','ADD','0000'),('722019073145350013','202019073101370040','702019051635110010','400000000000000001','390001200000',7,'2019-07-31 04:46:10','ADD','0000'),('722019073189930015','202019073124220049','702019073109590004','402019062754960011','390001200003',7,'2019-07-31 05:24:43','ADD','0000'),('722019073134820016','202019073163320050','702019073109590004','400000000000000001','800900000001',7,'2019-07-31 05:24:43','ADD','0000'),('722019073162040017','202019073113000051','702019073109590004','400000000000000002','800900000000',7,'2019-07-31 05:24:43','ADD','0000'),('722019073115880019','202019073118410072','702019051621670004','402019032924930007','390001200002',7,'2019-07-31 10:30:39','ADD','1000'),('722019073189660020','202019073165270074','702019051621670004','402019032924930007','390001200002',7,'2019-07-31 10:31:15','ADD','1000'),('722019080105740001','202019080120680002','702019051621670004','402019032924930007','390001200002',8,'2019-08-01 11:12:02','ADD','1000'),('722019080180550002','202019080119950004','702019051635110010','402019032924930007','390001200002',8,'2019-08-01 11:12:09','ADD','1000'),('722019080174210003','202019080131290006','702019051635110010','402019032924930007','390001200002',8,'2019-08-01 11:12:17','ADD','1000'),('722019080261330002','202019080272660008','702019051621670004','402019032924930007','390001200002',8,'2019-08-02 06:13:40','ADD','1000'),('722019080419900001','202019080455780002','702019051621670004','402019032924930007','390001200002',8,'2019-08-03 16:51:55','ADD','1000'),('722019080413840002','202019080477150004','702019051621670004','400000000000000001','390001200000',8,'2019-08-04 06:39:57','ADD','0000'),('722019080432850003','202019080453350006','702019051621670004','400000000000000001','390001200000',8,'2019-08-04 07:26:40','ADD','0000'),('722019080407990004','202019080401440008','702019051635110010','400000000000000002','390001200005',8,'2019-08-04 12:41:42','ADD','0000'),('722019080568320005','202019080505370010','702019051621670004','402019062754960011','390001200003',8,'2019-08-05 10:21:25','ADD','0000'),('722019080664600006','202019080643060012','702019051621670004','402019062754960011','390001200003',8,'2019-08-06 02:49:19','ADD','0000'),('722019080877620007','202019080816770032','702019051621670004','400000000000000002','390001200005',8,'2019-08-08 03:03:01','ADD','0000'),('722019080878650008','202019080883200034','702019051621670004','400000000000000002','390001200005',8,'2019-08-08 03:03:10','ADD','0000'),('722019080945570009','202019080967350059','702019051621670004','402019032924930007','390001200002',8,'2019-08-09 03:15:57','ADD','1000'),('722019080913070010','202019080923750061','702019051621670004','402019032924930007','390001200002',8,'2019-08-09 06:27:20','ADD','1000'),('722019080960980011','202019080926690063','702019051635110010','402019032924930007','390001200002',8,'2019-08-09 06:27:24','ADD','1000'),('722019080994580013','202019080980170085','702019051621670004','400000000000000001','390001200000',8,'2019-08-09 09:46:16','ADD','0000'),('722019080911030014','202019080905650087','702019051635110010','400000000000000001','390001200000',8,'2019-08-09 09:46:21','ADD','0000'),('722019081123540001','202019081119260002','702019051635110010','402019032924930007','390001200002',8,'2019-08-11 02:35:16','ADD','1000'),('722019081297290002','202019081229220008','702019051621670004','402019032924930007','390001200002',8,'2019-08-12 04:07:45','ADD','1000'),('722019081229300003','202019081263530010','702019051621670004','402019032924930007','390001200002',8,'2019-08-12 06:22:32','ADD','1000'),('722019081298110004','202019081295900012','702019051621670004','402019032924930007','390001200002',8,'2019-08-12 06:22:37','ADD','1000'),('722019081208880005','202019081283660014','702019051621670004','402019032924930007','390001200002',8,'2019-08-12 06:22:49','ADD','1000'),('722019081207520007','202019081215840020','702019051621670004','400000000000000002','390001200005',8,'2019-08-12 06:30:44','ADD','0000'),('722019081206400008','202019081265390022','702019051621670004','402019032924930007','390001200002',8,'2019-08-12 08:02:56','ADD','1000'),('722019081272700009','202019081281410036','702019051621670004','402019032924930007','390001200002',8,'2019-08-12 08:03:32','ADD','1000'),('722019081314870001','202019081378350002','702019051621670004','400000000000000002','390001200005',8,'2019-08-13 12:16:41','ADD','0000'),('722019081347400002','202019081362950004','702019051621670004','400000000000000002','390001200005',8,'2019-08-13 12:30:05','ADD','0000'),('722019081471310003','202019081423350006','702019051621670004','400000000000000001','390001200000',8,'2019-08-14 06:48:12','ADD','0000'),('722019081475940004','202019081409660010','702019051635110010','400000000000000002','390001200005',8,'2019-08-14 06:57:43','ADD','0000'),('722019081409970005','202019081426880012','702019051621670004','402019032924930007','390001200002',8,'2019-08-14 07:10:46','ADD','1000'),('722019081403140006','202019081492560014','702019051635110010','402019032924930007','390001200002',8,'2019-08-14 07:10:51','ADD','1000'),('722019081541950008','202019081515140025','702019051621670004','402019062754960011','390001200003',8,'2019-08-15 08:07:55','ADD','0000'),('722019081716150001','202019081719850008','702019051621670004','402019032924930007','390001200002',8,'2019-08-17 07:23:53','ADD','1000'),('722019081728140002','202019081775970018','702019051621670004','402019032924930007','390001200002',8,'2019-08-17 09:20:22','ADD','1000'),('722019081767160001','202019081750320002','702019051621670004','402019032924930007','390001200002',8,'2019-08-17 15:52:05','ADD','1000'),('722019081793250002','202019081703520004','702019051635110010','402019032924930007','390001200002',8,'2019-08-17 15:52:12','ADD','1000'),('722019081824280003','202019081898660006','702019051621670004','402019032924930007','390001200002',8,'2019-08-17 20:30:32','ADD','1000'),('722019081821210004','202019081873790008','702019051621670004','402019032924930007','390001200002',8,'2019-08-18 04:15:56','ADD','1000'),('722019081892840005','202019081840610010','702019051621670004','402019032924930007','390001200002',8,'2019-08-18 04:16:02','ADD','1000'),('722019081907940001','202019081966420002','702019051621670004','400000000000000001','390001200000',8,'2019-08-19 00:50:26','ADD','0000'),('722019081990270002','202019081931710004','702019051621670004','400000000000000001','390001200000',8,'2019-08-19 00:50:35','ADD','0000'),('722019081984300003','202019081947990009','702019051621670004','402019032924930007','390001200002',8,'2019-08-19 06:15:32','ADD','1000'),('722019081925340004','202019081960330011','702019051621670004','402019032924930007','390001200002',8,'2019-08-19 06:16:29','ADD','1000'),('722019081989380001','202019081938220002','702019051621670004','402019032924930007','390001200002',8,'2019-08-19 11:24:33','ADD','1000'),('722019082033410002','202019082021110005','702019051621670004','402019032924930007','390001200002',8,'2019-08-20 01:51:07','ADD','1000'),('722019082006630003','202019082070710007','702019051621670004','402019032924930007','390001200002',8,'2019-08-20 01:51:12','ADD','1000'),('722019082076940004','202019082020340009','702019051621670004','400000000000000001','390001200000',8,'2019-08-20 01:58:40','ADD','0000'),('722019082261230001','202019082274550007','702019051621670004','400000000000000002','390001200005',8,'2019-08-22 03:58:41','ADD','0000'),('722019082291030002','202019082249860009','702019051621670004','400000000000000002','390001200005',8,'2019-08-22 03:58:50','ADD','0000'),('722019082285390003','202019082210720011','702019051621670004','400000000000000002','390001200005',8,'2019-08-22 03:59:03','ADD','0000'),('722019082283870004','202019082254560015','702019051621670004','402019032924930007','390001200002',8,'2019-08-22 08:50:15','ADD','1000'),('722019082233190005','202019082229550017','702019051635110010','402019032924930007','390001200002',8,'2019-08-22 08:50:19','ADD','1000'),('722019082431460006','202019082431250023','702019051621670004','400000000000000001','390001200000',8,'2019-08-24 14:39:51','ADD','0000'),('722019082403340007','202019082436620025','702019051635110010','400000000000000001','390001200000',8,'2019-08-24 14:40:02','ADD','0000'),('722019082690970001','202019082605940002','702019051621670004','402019062754960011','390001200003',8,'2019-08-26 02:25:31','ADD','0000'),('722019082614880002','202019082681710006','702019051635110010','402019032924930007','390001200002',8,'2019-08-26 03:25:17','ADD','1000'),('722019082671260003','202019082645890008','702019051621670004','400000000000000001','390001200000',8,'2019-08-26 03:36:23','ADD','0000'),('722019082631290004','202019082619260016','702019051621670004','402019032924930007','390001200002',8,'2019-08-26 08:49:44','ADD','1000'),('722019082637570005','202019082601790018','702019051635110010','402019032924930007','390001200002',8,'2019-08-26 08:49:52','ADD','1000'),('722019082653920007','202019082682000023','702019051635110010','402019032924930007','390001200002',8,'2019-08-26 08:50:04','ADD','1000'),('722019082914850008','202019082903220037','702019051621670004','402019032924930007','390001200002',8,'2019-08-29 10:27:00','ADD','1000'),('722019083045600009','202019083000860039','702019051621670004','400000000000000001','390001200000',8,'2019-08-30 07:31:15','ADD','0000'),('722019083099660010','202019083052980041','702019051635110010','400000000000000001','390001200000',8,'2019-08-30 07:31:20','ADD','0000'),('722019083007450011','202019083067490043','702019051621670004','400000000000000001','390001200000',8,'2019-08-30 08:29:14','ADD','0000'),('722019083041050012','202019083004680045','702019051635110010','400000000000000001','390001200000',8,'2019-08-30 08:29:17','ADD','0000'),('722019083099880001','202019083056830002','702019051621670004','402019032924930007','390001200002',8,'2019-08-30 12:08:55','ADD','1000'),('722019083155380002','202019083165030004','702019051621670004','402019032924930007','390001200002',8,'2019-08-31 02:03:05','ADD','1000'),('722019083106960003','202019083109480006','702019051635110010','402019032924930007','390001200002',8,'2019-08-31 02:03:10','ADD','1000'),('722019083138780004','202019083146160008','702019051621670004','402019032924930007','390001200002',8,'2019-08-31 02:41:01','ADD','1000'),('722019083118300005','202019083106020010','702019051635110010','402019032924930007','390001200002',8,'2019-08-31 02:41:10','ADD','1000'),('722019083143560006','202019083115880012','702019051635110010','402019032924930007','390001200002',8,'2019-08-31 02:41:30','ADD','1000'),('722019090118520001','202019090137490002','702019051621670004','402019032924930007','390001200002',9,'2019-09-01 04:37:19','ADD','1000'),('722019090180840002','202019090154780004','702019051635110010','402019032924930007','390001200002',9,'2019-09-01 07:31:58','ADD','1000'),('722019090172580003','202019090152510006','702019051635110010','402019032924930007','390001200002',9,'2019-09-01 07:32:02','ADD','1000'),('722019090147440004','202019090106860008','702019051621670004','400000000000000001','390001200000',9,'2019-09-01 07:48:49','ADD','0000'),('722019090227600001','202019090288080002','702019051621670004','402019062754960011','390001200003',9,'2019-09-02 07:39:16','ADD','0000'),('722019090274460002','202019090273840004','702019051635110010','402019062754960011','390001200003',9,'2019-09-02 07:39:22','ADD','0000'),('722019090248170003','202019090239560006','702019051635110010','402019062754960011','390001200003',9,'2019-09-02 07:45:54','ADD','0000'),('722019090456610001','202019090461130002','702019051621670004','402019032924930007','390001200002',9,'2019-09-04 01:14:41','ADD','1000'),('722019090534500002','202019090587990008','702019051621670004','400000000000000001','390001200000',9,'2019-09-05 13:59:46','ADD','0000'),('722019090666950003','202019090684890010','702019051621670004','400000000000000001','390001200000',9,'2019-09-06 01:03:50','ADD','0000'),('722019090689790004','202019090612950012','702019051635110010','400000000000000001','390001200000',9,'2019-09-06 01:03:56','ADD','0000'),('722019090661290005','202019090669810016','702019051621670004','402019062754960011','390001200003',9,'2019-09-06 02:21:05','ADD','0000'),('722019090627940006','202019090674280022','702019051621670004','402019032924930007','390001200002',9,'2019-09-06 02:52:57','ADD','1000'),('722019090987840001','202019090936400002','702019051621670004','402019032924930007','390001200002',9,'2019-09-09 07:27:59','ADD','1000'),('722019090930390002','202019090937700004','702019051621670004','400000000000000001','390001200000',9,'2019-09-09 10:16:41','ADD','0000'),('722019091033090001','202019091064480002','702019051621670004','402019032924930007','390001200002',9,'2019-09-10 12:37:31','ADD','1000'),('722019091423200002','202019091416910005','702019051621670004','402019032924930007','390001200002',9,'2019-09-13 17:22:27','ADD','1000'),('722019091417460001','202019091419210002','702019051621670004','402019032924930007','390001200002',9,'2019-09-14 10:46:13','ADD','1000'),('722019091635340002','202019091615100009','702019051621670004','402019091670210001','390001200005',9,'2019-09-16 07:47:56','ADD','0000'),('722019091696110003','202019091650820011','7020181217000002','402019091670210001','390001200005',9,'2019-09-16 07:48:13','ADD','0000'),('722019091662210005','202019091679380024','702019051635110010','402019032924930007','390001200002',9,'2019-09-16 14:42:59','ADD','1000'),('722019091621650006','202019091693140026','702019051621670004','402019032924930007','390001200002',9,'2019-09-16 14:43:07','ADD','1000'),('722019091767400001','202019091772530006','702019051621670004','400000000000000001','390001200000',9,'2019-09-17 05:41:07','ADD','0000'),('722019091749620002','202019091720910008','702019051621670004','402019032924930007','390001200002',9,'2019-09-17 06:45:59','ADD','1000'),('722019091759680003','202019091713450010','702019051635110010','402019032924930007','390001200002',9,'2019-09-17 06:46:03','ADD','1000'),('722019091771550004','202019091780240016','702019051621670004','400000000000000001','390001200000',9,'2019-09-17 06:47:48','ADD','0000'),('722019101103090005','202019101182360080','702019101101010002','402019101133700002','390001200003',10,'2019-10-11 17:51:04','ADD','1100'),('722019101126760006','202019101184320081','702019101101010002','400000000000000001','800900000001',10,'2019-10-11 17:51:04','ADD','1100'),('722019101124930007','202019101157620082','702019101101010002','400000000000000002','800900000000',10,'2019-10-11 17:51:04','ADD','1100'),('7220181217000001','1234567891','7020181217000001','345678','390001200001',12,'2018-12-17 14:27:08','ADD','0000'),('7220181217000001','1234567891','7020181217000001','3456789','390001200001',12,'2018-12-17 14:43:37','ADD','0000'),('7220181217000002','1234567891','7020181217000001','3456789','390001200001',12,'2018-12-17 14:44:35','ADD','0000'),('7220181217000003','1234567891','7020181217000001','3456789','390001200001',12,'2018-12-17 14:45:24','ADD','0000'),('7220181217000004','1234567892','7020181217000001','3456789','390001200001',12,'2018-12-17 14:46:03','ADD','0000'),('7220181217000004','1234567893','7020181217000001','3456789','390001200001',12,'2018-12-17 15:05:51','DEl','0000'),('7220181217000004','1234567894','7020181217000001','3456789','390001200001',12,'2018-12-17 15:06:53','DEl','0000');

/*Table structure for table `business_community_photo` */

DROP TABLE IF EXISTS `business_community_photo`;

CREATE TABLE `business_community_photo` (
  `community_photo_id` varchar(30) NOT NULL COMMENT '商户照片ID',
  `b_id` varchar(30) NOT NULL COMMENT '业务Id',
  `community_id` varchar(30) NOT NULL COMMENT '小区ID',
  `community_photo_type_cd` varchar(12) NOT NULL COMMENT '商户照片类型,T 门头照 I 内景照',
  `photo` varchar(100) NOT NULL COMMENT '照片',
  `month` int(11) NOT NULL COMMENT '月份',
  `create_time` timestamp NOT NULL DEFAULT CURRENT_TIMESTAMP COMMENT '创建时间',
  `operate` varchar(3) NOT NULL COMMENT '数据状态，添加ADD，修改MOD 删除DEL',
  KEY `idx_business_photo_community_id` (`community_id`),
  KEY `idx_business_community_photo_b_id` (`b_id`)
) ENGINE=InnoDB DEFAULT CHARSET=utf8
/*!50100 PARTITION BY RANGE (`month`)
(PARTITION business_community_photo_1 VALUES LESS THAN (2) ENGINE = InnoDB,
 PARTITION business_community_photo_2 VALUES LESS THAN (3) ENGINE = InnoDB,
 PARTITION business_community_photo_3 VALUES LESS THAN (4) ENGINE = InnoDB,
 PARTITION business_community_photo_4 VALUES LESS THAN (5) ENGINE = InnoDB,
 PARTITION business_community_photo_5 VALUES LESS THAN (6) ENGINE = InnoDB,
 PARTITION business_community_photo_6 VALUES LESS THAN (7) ENGINE = InnoDB,
 PARTITION business_community_photo_7 VALUES LESS THAN (8) ENGINE = InnoDB,
 PARTITION business_community_photo_8 VALUES LESS THAN (9) ENGINE = InnoDB,
 PARTITION business_community_photo_9 VALUES LESS THAN (10) ENGINE = InnoDB,
 PARTITION business_community_photo_10 VALUES LESS THAN (11) ENGINE = InnoDB,
 PARTITION business_community_photo_11 VALUES LESS THAN (12) ENGINE = InnoDB,
 PARTITION business_community_photo_12 VALUES LESS THAN (13) ENGINE = InnoDB) */;

/*Data for the table `business_community_photo` */

insert  into `business_community_photo`(`community_photo_id`,`b_id`,`community_id`,`community_photo_type_cd`,`photo`,`month`,`create_time`,`operate`) values ('7120181217000003','1234567891','702019051474290001','T','12345678.jpg',5,'2019-05-14 09:19:04','ADD'),('7120181217000003','22234567891','702019051443120001','T','12345678.jpg',5,'2019-05-14 09:24:08','ADD'),('712019051561030003','3234567891','702019051551820001','T','12345678.jpg',5,'2019-05-15 12:49:50','ADD'),('7120181217000003','42234567891','702019051695520001','T','12345678.jpg',5,'2019-05-16 01:48:18','ADD'),('712019051696780004','52234567891','702019051636890002','T','12345678.jpg',5,'2019-05-16 02:00:00','ADD'),('712019051648240007','62234567891','702019051650000005','T','12345678.jpg',5,'2019-05-16 02:05:03','ADD'),('712019051670400010','72234567891','702019051614110008','T','12345678.jpg',5,'2019-05-16 02:07:20','ADD'),('712019051684460003','92234567895','702019051666020001','T','12345678.jpg',5,'2019-05-16 02:34:38','ADD'),('712019051678010006','92234567896','702019051626540004','T','12345678.jpg',5,'2019-05-16 02:36:50','ADD'),('7120181217000003','1234567890','7020181217000001','T','12345678.jpg',12,'2018-12-17 04:52:55','ADD'),('7120181217000003','1234567891','7020181217000001','T','12345678.jpg',12,'2018-12-17 05:06:15','DEl'),('7120181217000003','1234567891','7020181217000001','T','12345678.jpg',12,'2018-12-17 05:06:15','ADD');

/*Table structure for table `business_floor` */

DROP TABLE IF EXISTS `business_floor`;

CREATE TABLE `business_floor` (
  `floor_id` varchar(30) NOT NULL COMMENT '楼ID',
  `b_id` varchar(30) NOT NULL COMMENT '业务Id',
  `floor_num` varchar(12) NOT NULL COMMENT '楼编号',
  `name` varchar(100) NOT NULL COMMENT '小区楼名称',
  `user_id` varchar(30) NOT NULL COMMENT '用户ID',
  `remark` varchar(200) DEFAULT NULL COMMENT '备注',
  `create_time` timestamp NOT NULL DEFAULT CURRENT_TIMESTAMP COMMENT '创建时间',
  `operate` varchar(4) NOT NULL COMMENT '数据状态，添加ADD，修改MOD 删除DEL',
  KEY `idx_business_floor_id` (`floor_id`),
  KEY `idx_business_floor_b_id` (`b_id`)
) ENGINE=InnoDB DEFAULT CHARSET=utf8;

/*Data for the table `business_floor` */

insert  into `business_floor`(`floor_id`,`b_id`,`floor_num`,`name`,`user_id`,`remark`,`create_time`,`operate`) values ('732019042181450002','89861991919','01','1号楼','302019042192720001','填写具体值','2019-04-21 15:09:48','ADD'),('732019042188750002','89861991920','01','1号楼','302019042192720001',NULL,'2019-04-21 15:21:27','ADD'),('732019042188750002','89861991922','01','1号楼','302019042192720001',NULL,'2019-04-21 15:40:14','DEl'),('732019042188750002','89861991922','02','2号楼','302019042192720001',NULL,'2019-04-21 15:40:14','ADD'),('732019042188750002','89861991923','02','2号楼','302019042192720001',NULL,'2019-04-21 15:41:34','DEl'),('732019042248530001','89861991923','03','3号楼','302019042192720001',NULL,'2019-04-21 16:40:06','ADD'),('732019042218110002','89861991925','04','4号楼','302019042192720001',NULL,'2019-04-21 16:41:46','ADD'),('732019042237920003','89861991925','05','5号楼','302019042192720001',NULL,'2019-04-21 16:41:46','ADD'),('732019042248530001','89861991926','03','3号楼','302019042192720001',NULL,'2019-04-21 16:43:18','DEl'),('732019042248530001','89861991926','004','4号楼01','302019042192720001',NULL,'2019-04-21 16:43:18','ADD'),('732019042248530001','89861991927','03','3号楼','302019042192720001',NULL,'2019-04-21 16:43:35','DEl'),('732019042248530001','89861991927','004','4号楼01','302019042192720001',NULL,'2019-04-21 16:43:35','ADD'),('732019042248530001','89861991928','004','4号楼01','302019042192720001',NULL,'2019-04-21 16:44:34','DEl'),('732019042218110002','89861991930','04','4号楼','302019042192720001',NULL,'2019-04-21 16:46:24','DEl'),('732019042218110002','89861991930','003','3号楼01','302019042192720001',NULL,'2019-04-21 16:46:24','ADD'),('732019042237920003','89861991930','05','5号楼','302019042192720001',NULL,'2019-04-21 16:46:24','DEl'),('732019042237920003','89861991930','005','5号楼01','302019042192720001',NULL,'2019-04-21 16:46:24','ADD'),('732019042218110002','89861991931','003','3号楼01','302019042192720001',NULL,'2019-04-21 16:47:29','DEl'),('732019042237920003','89861991931','005','5号楼01','302019042192720001',NULL,'2019-04-21 16:47:30','DEl'),('732019042644990001','202019042604660002','045','045','30518940136629616640','测试，必须成功','2019-04-26 09:53:41','ADD'),('732019042717050001','202019042757120008','021','021','30518940136629616640','021','2019-04-26 17:12:03','ADD'),('732019042729750001','202019042785720002','021','021','30518940136629616640','021','2019-04-26 17:20:53','ADD'),('732019042773170001','202019042729460002','20','20','30518940136629616640','20','2019-04-26 17:30:55','ADD'),('732019042790640002','202019042775180005','21','21','30518940136629616640','21','2019-04-26 17:37:14','ADD'),('732019042715940003','202019042731610008','22','22','30518940136629616640','22','2019-04-26 17:38:57','ADD'),('732019042784130004','202019042711910013','023','23','30518940136629616640','测试','2019-04-27 11:56:56','ADD'),('732019042188750002','202019042833710002','02','2号楼','302019041824320001',NULL,'2019-04-28 09:47:07','DEl'),('732019042188750002','202019042833710002','021','2号楼1','30518940136629616640','021','2019-04-28 09:47:07','ADD'),('732019042773170001','202019042828060004','20','20','30518940136629616640','20','2019-04-28 09:47:53','DEl'),('732019042773170001','202019042828060004','24','24','30518940136629616640','24','2019-04-28 09:47:53','ADD'),('732019042893370001','202019042870220006','26','26','30518940136629616640','26','2019-04-28 09:53:53','ADD'),('732019042893370001','202019042827770009','26','26','30518940136629616640','26','2019-04-28 09:54:10','DEl'),('732019042893370001','202019042827770009','27','27','30518940136629616640','27','2019-04-28 09:54:10','ADD'),('732019042893370001','202019042893250011','27','27','30518940136629616640','27','2019-04-28 14:03:35','DEl'),('732019042893370001','202019042893250011','26','26','30518940136629616640','26','2019-04-28 14:03:35','ADD'),('732019042893370001','202019042911830002','26','26','30518940136629616640','26','2019-04-28 16:09:14','DEl'),('732019042893370001','202019042911830002','26','26','30518940136629616640','26','2019-04-28 16:09:14','ADD'),('732019042893370001','202019042962160002','26','26','30518940136629616640','26','2019-04-28 16:57:35','DEl'),('732019042893370001','202019042942050005','26','26','30518940136629616640','26','2019-04-28 17:06:21','DEl'),('732019042893370001','202019042979960002','26','26','30518940136629616640','26','2019-04-28 17:17:10','DEl'),('732019042937930001','202019042905090005','27','27','30518940136629616640','27','2019-04-28 17:19:24','ADD'),('732019042937930001','202019042900640008','27','27','30518940136629616640','27','2019-04-28 17:19:37','DEl'),('732019042937930001','202019042900640008','28','28','30518940136629616640','28','2019-04-28 17:19:37','ADD'),('732019042937930001','202019042932230010','28','28','30518940136629616640','28','2019-04-28 17:19:44','DEl'),('732019042908600001','202019042982100002','34','34','30518940136629616640','34','2019-04-29 09:14:52','ADD'),('732019042921980002','202019042976730005','33','33','30518940136629616640','33','2019-04-29 09:21:46','ADD'),('732019042986310003','202019042927450008','32','32','30518940136629616640','32','2019-04-29 09:21:59','ADD'),('732019042905340004','202019042953870011','36','36','30518940136629616640','36','2019-04-29 09:22:28','ADD'),('732019042939210005','202019042978390014','37','37','30518940136629616640','37','2019-04-29 09:22:43','ADD'),('732019042925840006','202019042971980017','38','38','30518940136629616640','38','2019-04-29 09:22:55','ADD'),('732019042954400007','202019042996460020','39','39','30518940136629616640','39','2019-04-29 09:23:08','ADD'),('732019042907570008','202019042910990023','38','38','30518940136629616640','38','2019-04-29 09:23:40','ADD'),('732019042904050001','202019042908790002','40','40','30518940136629616640','40','2019-04-29 11:47:35','ADD'),('732019042937750002','202019042900080005','42','42','30518940136629616640','42','2019-04-29 11:48:06','ADD');

/*Table structure for table `business_member_store` */

DROP TABLE IF EXISTS `business_member_store`;

CREATE TABLE `business_member_store` (
  `member_store_id` varchar(30) NOT NULL COMMENT 'ID',
  `b_id` varchar(30) NOT NULL COMMENT '业务Id',
  `store_id` varchar(30) NOT NULL COMMENT '商店ID',
  `member_id` varchar(50) NOT NULL COMMENT '商户成员ID',
  `month` int(11) NOT NULL COMMENT '月份',
  `create_time` timestamp NOT NULL DEFAULT CURRENT_TIMESTAMP COMMENT '创建时间',
  `operate` varchar(3) NOT NULL COMMENT '数据状态，添加ADD，修改MOD 删除DEL',
  KEY `idx_business_member_store_store_id` (`store_id`),
  KEY `idx_business_member_store_b_id` (`b_id`)
) ENGINE=InnoDB DEFAULT CHARSET=utf8
/*!50100 PARTITION BY RANGE (`month`)
(PARTITION business_member_store_1 VALUES LESS THAN (2) ENGINE = InnoDB,
 PARTITION business_member_store_2 VALUES LESS THAN (3) ENGINE = InnoDB,
 PARTITION business_member_store_3 VALUES LESS THAN (4) ENGINE = InnoDB,
 PARTITION business_member_store_4 VALUES LESS THAN (5) ENGINE = InnoDB,
 PARTITION business_member_store_5 VALUES LESS THAN (6) ENGINE = InnoDB,
 PARTITION business_member_store_6 VALUES LESS THAN (7) ENGINE = InnoDB,
 PARTITION business_member_store_7 VALUES LESS THAN (8) ENGINE = InnoDB,
 PARTITION business_member_store_8 VALUES LESS THAN (9) ENGINE = InnoDB,
 PARTITION business_member_store_9 VALUES LESS THAN (10) ENGINE = InnoDB,
 PARTITION business_member_store_10 VALUES LESS THAN (11) ENGINE = InnoDB,
 PARTITION business_member_store_11 VALUES LESS THAN (12) ENGINE = InnoDB,
 PARTITION business_member_store_12 VALUES LESS THAN (13) ENGINE = InnoDB) */;

/*Data for the table `business_member_store` */

/*Table structure for table `business_shop` */

DROP TABLE IF EXISTS `business_shop`;

CREATE TABLE `business_shop` (
  `shop_id` varchar(30) NOT NULL COMMENT '商品ID',
  `b_id` varchar(30) NOT NULL COMMENT '业务Id',
  `catalog_id` varchar(30) NOT NULL COMMENT '目录ID',
  `store_id` varchar(30) NOT NULL COMMENT '商店ID',
  `name` varchar(100) NOT NULL COMMENT '商品名称',
  `hot_buy` varchar(2) NOT NULL DEFAULT 'N' COMMENT '是否热卖 Y是 N否',
  `sale_price` decimal(10,2) NOT NULL COMMENT '商品销售价,再没有打折情况下显示',
  `open_shop_count` varchar(2) NOT NULL DEFAULT 'N' COMMENT '是否开启库存管理，默认N Y开启，N关闭，开启后界面显示数量，如果为0 则下架',
  `shop_count` decimal(10,0) NOT NULL DEFAULT '10000' COMMENT '商品库存',
  `start_date` date NOT NULL COMMENT '商品开始时间',
  `end_date` date NOT NULL COMMENT '商品结束时间',
  `month` int(11) NOT NULL COMMENT '月份',
  `create_time` timestamp NOT NULL DEFAULT CURRENT_TIMESTAMP COMMENT '创建时间',
  `operate` varchar(3) NOT NULL COMMENT '数据状态，添加ADD，修改MOD 删除DEL',
  KEY `idx_business_shop_shop_id` (`shop_id`),
  KEY `idx_business_shop_b_id` (`b_id`)
) ENGINE=InnoDB DEFAULT CHARSET=utf8
/*!50100 PARTITION BY RANGE (`month`)
(PARTITION business_shop_1 VALUES LESS THAN (2) ENGINE = InnoDB,
 PARTITION business_shop_2 VALUES LESS THAN (3) ENGINE = InnoDB,
 PARTITION business_shop_3 VALUES LESS THAN (4) ENGINE = InnoDB,
 PARTITION business_shop_4 VALUES LESS THAN (5) ENGINE = InnoDB,
 PARTITION business_shop_5 VALUES LESS THAN (6) ENGINE = InnoDB,
 PARTITION business_shop_6 VALUES LESS THAN (7) ENGINE = InnoDB,
 PARTITION business_shop_7 VALUES LESS THAN (8) ENGINE = InnoDB,
 PARTITION business_shop_8 VALUES LESS THAN (9) ENGINE = InnoDB,
 PARTITION business_shop_9 VALUES LESS THAN (10) ENGINE = InnoDB,
 PARTITION business_shop_10 VALUES LESS THAN (11) ENGINE = InnoDB,
 PARTITION business_shop_11 VALUES LESS THAN (12) ENGINE = InnoDB,
 PARTITION business_shop_12 VALUES LESS THAN (13) ENGINE = InnoDB) */;

/*Data for the table `business_shop` */

/*Table structure for table `business_shop_attr` */

DROP TABLE IF EXISTS `business_shop_attr`;

CREATE TABLE `business_shop_attr` (
  `b_id` varchar(30) NOT NULL COMMENT '订单ID',
  `attr_id` varchar(30) NOT NULL COMMENT '属性id',
  `shop_id` varchar(30) NOT NULL COMMENT '商品ID',
  `spec_cd` varchar(12) NOT NULL COMMENT '规格id,参考spec表',
  `value` varchar(50) NOT NULL COMMENT '属性值',
  `month` int(11) NOT NULL COMMENT '月份',
  `create_time` timestamp NOT NULL DEFAULT CURRENT_TIMESTAMP COMMENT '创建时间',
  `operate` varchar(3) NOT NULL COMMENT '数据状态，添加ADD，修改MOD 删除DEL',
  KEY `idx_business_shop_attr_shop_id` (`shop_id`),
  KEY `idx_business_shop_attr_b_id` (`b_id`)
) ENGINE=InnoDB DEFAULT CHARSET=utf8
/*!50100 PARTITION BY RANGE (`month`)
(PARTITION business_shop_attr_1 VALUES LESS THAN (2) ENGINE = InnoDB,
 PARTITION business_shop_attr_2 VALUES LESS THAN (3) ENGINE = InnoDB,
 PARTITION business_shop_attr_3 VALUES LESS THAN (4) ENGINE = InnoDB,
 PARTITION business_shop_attr_4 VALUES LESS THAN (5) ENGINE = InnoDB,
 PARTITION business_shop_attr_5 VALUES LESS THAN (6) ENGINE = InnoDB,
 PARTITION business_shop_attr_6 VALUES LESS THAN (7) ENGINE = InnoDB,
 PARTITION business_shop_attr_7 VALUES LESS THAN (8) ENGINE = InnoDB,
 PARTITION business_shop_attr_8 VALUES LESS THAN (9) ENGINE = InnoDB,
 PARTITION business_shop_attr_9 VALUES LESS THAN (10) ENGINE = InnoDB,
 PARTITION business_shop_attr_10 VALUES LESS THAN (11) ENGINE = InnoDB,
 PARTITION business_shop_attr_11 VALUES LESS THAN (12) ENGINE = InnoDB,
 PARTITION business_shop_attr_12 VALUES LESS THAN (13) ENGINE = InnoDB) */;

/*Data for the table `business_shop_attr` */

/*Table structure for table `business_shop_attr_param` */

DROP TABLE IF EXISTS `business_shop_attr_param`;

CREATE TABLE `business_shop_attr_param` (
  `attr_param_id` varchar(30) NOT NULL COMMENT '商品属性参数ID',
  `b_id` varchar(30) NOT NULL COMMENT '订单ID',
  `shop_id` varchar(30) NOT NULL COMMENT '商品ID',
  `spec_cd` varchar(12) NOT NULL COMMENT '规格id,参考spec表',
  `param` varchar(50) NOT NULL COMMENT '参数值',
  `month` int(11) NOT NULL COMMENT '月份',
  `create_time` timestamp NOT NULL DEFAULT CURRENT_TIMESTAMP COMMENT '创建时间',
  `operate` varchar(3) NOT NULL COMMENT '数据状态，添加ADD，修改MOD 删除DEL',
  KEY `idx_business_shop_attr_param_shop_id` (`shop_id`),
  KEY `idx_business_shop_attr_param_b_id` (`b_id`)
) ENGINE=InnoDB DEFAULT CHARSET=utf8
/*!50100 PARTITION BY RANGE (`month`)
(PARTITION business_shop_attr_param_1 VALUES LESS THAN (2) ENGINE = InnoDB,
 PARTITION business_shop_attr_param_2 VALUES LESS THAN (3) ENGINE = InnoDB,
 PARTITION business_shop_attr_param_3 VALUES LESS THAN (4) ENGINE = InnoDB,
 PARTITION business_shop_attr_param_4 VALUES LESS THAN (5) ENGINE = InnoDB,
 PARTITION business_shop_attr_param_5 VALUES LESS THAN (6) ENGINE = InnoDB,
 PARTITION business_shop_attr_param_6 VALUES LESS THAN (7) ENGINE = InnoDB,
 PARTITION business_shop_attr_param_7 VALUES LESS THAN (8) ENGINE = InnoDB,
 PARTITION business_shop_attr_param_8 VALUES LESS THAN (9) ENGINE = InnoDB,
 PARTITION business_shop_attr_param_9 VALUES LESS THAN (10) ENGINE = InnoDB,
 PARTITION business_shop_attr_param_10 VALUES LESS THAN (11) ENGINE = InnoDB,
 PARTITION business_shop_attr_param_11 VALUES LESS THAN (12) ENGINE = InnoDB,
 PARTITION business_shop_attr_param_12 VALUES LESS THAN (13) ENGINE = InnoDB) */;

/*Data for the table `business_shop_attr_param` */

/*Table structure for table `business_shop_catalog` */

DROP TABLE IF EXISTS `business_shop_catalog`;

CREATE TABLE `business_shop_catalog` (
  `catalog_id` varchar(30) NOT NULL COMMENT '目录ID',
  `b_id` varchar(30) NOT NULL COMMENT '业务Id',
  `store_id` varchar(30) NOT NULL COMMENT '商店ID',
  `name` varchar(100) NOT NULL COMMENT '目录名称',
  `level` varchar(2) NOT NULL COMMENT '目录等级',
  `parent_catalog_id` varchar(30) NOT NULL DEFAULT '-1' COMMENT '父目录ID，一级目录则写-1',
  `month` int(11) NOT NULL COMMENT '月份',
  `create_time` timestamp NOT NULL DEFAULT CURRENT_TIMESTAMP COMMENT '创建时间',
  `operate` varchar(3) NOT NULL COMMENT '数据状态，添加ADD，修改MOD 删除DEL',
  KEY `idx_business_shop_catalog_store_id` (`store_id`),
  KEY `idx_business_shop_catalog_b_id` (`b_id`)
) ENGINE=InnoDB DEFAULT CHARSET=utf8
/*!50100 PARTITION BY RANGE (`month`)
(PARTITION business_shop_catalog_1 VALUES LESS THAN (2) ENGINE = InnoDB,
 PARTITION business_shop_catalog_2 VALUES LESS THAN (3) ENGINE = InnoDB,
 PARTITION business_shop_catalog_3 VALUES LESS THAN (4) ENGINE = InnoDB,
 PARTITION business_shop_catalog_4 VALUES LESS THAN (5) ENGINE = InnoDB,
 PARTITION business_shop_catalog_5 VALUES LESS THAN (6) ENGINE = InnoDB,
 PARTITION business_shop_catalog_6 VALUES LESS THAN (7) ENGINE = InnoDB,
 PARTITION business_shop_catalog_7 VALUES LESS THAN (8) ENGINE = InnoDB,
 PARTITION business_shop_catalog_8 VALUES LESS THAN (9) ENGINE = InnoDB,
 PARTITION business_shop_catalog_9 VALUES LESS THAN (10) ENGINE = InnoDB,
 PARTITION business_shop_catalog_10 VALUES LESS THAN (11) ENGINE = InnoDB,
 PARTITION business_shop_catalog_11 VALUES LESS THAN (12) ENGINE = InnoDB,
 PARTITION business_shop_catalog_12 VALUES LESS THAN (13) ENGINE = InnoDB) */;

/*Data for the table `business_shop_catalog` */

/*Table structure for table `business_shop_desc` */

DROP TABLE IF EXISTS `business_shop_desc`;

CREATE TABLE `business_shop_desc` (
  `shop_desc_id` varchar(30) NOT NULL COMMENT '商品描述ID',
  `shop_id` varchar(30) NOT NULL COMMENT '商品ID',
  `b_id` varchar(30) NOT NULL COMMENT '业务Id',
  `shop_describe` longtext NOT NULL COMMENT '商品描述',
  `month` int(11) NOT NULL COMMENT '月份',
  `create_time` timestamp NOT NULL DEFAULT CURRENT_TIMESTAMP COMMENT '创建时间',
  `operate` varchar(3) NOT NULL COMMENT '数据状态，添加ADD，修改MOD 删除DEL',
  KEY `idx_business_shop_desc_shop_id` (`shop_id`),
  KEY `idx_business_shop_desc_b_id` (`b_id`)
) ENGINE=InnoDB DEFAULT CHARSET=utf8
/*!50100 PARTITION BY RANGE (`month`)
(PARTITION business_shop_desc_1 VALUES LESS THAN (2) ENGINE = InnoDB,
 PARTITION business_shop_desc_2 VALUES LESS THAN (3) ENGINE = InnoDB,
 PARTITION business_shop_desc_3 VALUES LESS THAN (4) ENGINE = InnoDB,
 PARTITION business_shop_desc_4 VALUES LESS THAN (5) ENGINE = InnoDB,
 PARTITION business_shop_desc_5 VALUES LESS THAN (6) ENGINE = InnoDB,
 PARTITION business_shop_desc_6 VALUES LESS THAN (7) ENGINE = InnoDB,
 PARTITION business_shop_desc_7 VALUES LESS THAN (8) ENGINE = InnoDB,
 PARTITION business_shop_desc_8 VALUES LESS THAN (9) ENGINE = InnoDB,
 PARTITION business_shop_desc_9 VALUES LESS THAN (10) ENGINE = InnoDB,
 PARTITION business_shop_desc_10 VALUES LESS THAN (11) ENGINE = InnoDB,
 PARTITION business_shop_desc_11 VALUES LESS THAN (12) ENGINE = InnoDB,
 PARTITION business_shop_desc_12 VALUES LESS THAN (13) ENGINE = InnoDB) */;

/*Data for the table `business_shop_desc` */

/*Table structure for table `business_shop_photo` */

DROP TABLE IF EXISTS `business_shop_photo`;

CREATE TABLE `business_shop_photo` (
  `shop_photo_id` varchar(30) NOT NULL COMMENT '商品照片ID',
  `b_id` varchar(30) NOT NULL COMMENT '业务Id',
  `shop_id` varchar(30) NOT NULL COMMENT '商店ID',
  `shop_photo_type_cd` varchar(12) NOT NULL COMMENT '商品照片类型,L logo O 其他照片',
  `photo` varchar(100) NOT NULL COMMENT '照片',
  `month` int(11) NOT NULL COMMENT '月份',
  `create_time` timestamp NOT NULL DEFAULT CURRENT_TIMESTAMP COMMENT '创建时间',
  `operate` varchar(3) NOT NULL COMMENT '数据状态，添加ADD，修改MOD 删除DEL',
  KEY `idx_business_shop_photo_shop_id` (`shop_id`),
  KEY `idx_business_shop_photo_b_id` (`b_id`)
) ENGINE=InnoDB DEFAULT CHARSET=utf8
/*!50100 PARTITION BY RANGE (`month`)
(PARTITION business_shop_photo_1 VALUES LESS THAN (2) ENGINE = InnoDB,
 PARTITION business_shop_photo_2 VALUES LESS THAN (3) ENGINE = InnoDB,
 PARTITION business_shop_photo_3 VALUES LESS THAN (4) ENGINE = InnoDB,
 PARTITION business_shop_photo_4 VALUES LESS THAN (5) ENGINE = InnoDB,
 PARTITION business_shop_photo_5 VALUES LESS THAN (6) ENGINE = InnoDB,
 PARTITION business_shop_photo_6 VALUES LESS THAN (7) ENGINE = InnoDB,
 PARTITION business_shop_photo_7 VALUES LESS THAN (8) ENGINE = InnoDB,
 PARTITION business_shop_photo_8 VALUES LESS THAN (9) ENGINE = InnoDB,
 PARTITION business_shop_photo_9 VALUES LESS THAN (10) ENGINE = InnoDB,
 PARTITION business_shop_photo_10 VALUES LESS THAN (11) ENGINE = InnoDB,
 PARTITION business_shop_photo_11 VALUES LESS THAN (12) ENGINE = InnoDB,
 PARTITION business_shop_photo_12 VALUES LESS THAN (13) ENGINE = InnoDB) */;

/*Data for the table `business_shop_photo` */

/*Table structure for table `business_shop_preferential` */

DROP TABLE IF EXISTS `business_shop_preferential`;

CREATE TABLE `business_shop_preferential` (
  `shop_preferential_id` varchar(30) NOT NULL COMMENT '商品ID',
  `shop_id` varchar(30) NOT NULL COMMENT '商品ID',
  `b_id` varchar(30) NOT NULL COMMENT '业务Id',
  `original_price` decimal(10,2) NOT NULL COMMENT '商品销售价，再没有优惠的情况下和售价是一致的',
  `discount_rate` decimal(3,2) NOT NULL DEFAULT '1.00' COMMENT '商品打折率',
  `show_original_price` varchar(2) NOT NULL DEFAULT 'N' COMMENT '是否显示原价，Y显示，N 不显示',
  `preferential_start_date` date NOT NULL COMMENT '商品优惠开始时间',
  `preferential_end_date` date NOT NULL COMMENT '商品优惠结束时间',
  `month` int(11) NOT NULL COMMENT '月份',
  `create_time` timestamp NOT NULL DEFAULT CURRENT_TIMESTAMP COMMENT '创建时间',
  `operate` varchar(3) NOT NULL COMMENT '数据状态，添加ADD，修改MOD 删除DEL',
  KEY `idx_business_shop_preferential_shop_id` (`shop_id`),
  KEY `idx_business_shop_preferential_b_id` (`b_id`)
) ENGINE=InnoDB DEFAULT CHARSET=utf8
/*!50100 PARTITION BY RANGE (`month`)
(PARTITION business_shop_preferential_1 VALUES LESS THAN (2) ENGINE = InnoDB,
 PARTITION business_shop_preferential_2 VALUES LESS THAN (3) ENGINE = InnoDB,
 PARTITION business_shop_preferential_3 VALUES LESS THAN (4) ENGINE = InnoDB,
 PARTITION business_shop_preferential_4 VALUES LESS THAN (5) ENGINE = InnoDB,
 PARTITION business_shop_preferential_5 VALUES LESS THAN (6) ENGINE = InnoDB,
 PARTITION business_shop_preferential_6 VALUES LESS THAN (7) ENGINE = InnoDB,
 PARTITION business_shop_preferential_7 VALUES LESS THAN (8) ENGINE = InnoDB,
 PARTITION business_shop_preferential_8 VALUES LESS THAN (9) ENGINE = InnoDB,
 PARTITION business_shop_preferential_9 VALUES LESS THAN (10) ENGINE = InnoDB,
 PARTITION business_shop_preferential_10 VALUES LESS THAN (11) ENGINE = InnoDB,
 PARTITION business_shop_preferential_11 VALUES LESS THAN (12) ENGINE = InnoDB,
 PARTITION business_shop_preferential_12 VALUES LESS THAN (13) ENGINE = InnoDB) */;

/*Data for the table `business_shop_preferential` */

/*Table structure for table `business_store` */

DROP TABLE IF EXISTS `business_store`;

CREATE TABLE `business_store` (
  `store_id` varchar(30) NOT NULL COMMENT '商店ID',
  `b_id` varchar(30) NOT NULL COMMENT '业务Id',
  `user_id` varchar(30) NOT NULL COMMENT '用户ID',
  `name` varchar(100) NOT NULL COMMENT '店铺名称',
  `address` varchar(200) NOT NULL COMMENT '店铺地址',
  `tel` varchar(11) NOT NULL COMMENT '电话',
  `store_type_cd` varchar(12) DEFAULT NULL,
  `nearby_landmarks` varchar(200) DEFAULT NULL COMMENT '地标，如王府井北60米',
  `map_x` varchar(20) NOT NULL COMMENT '地区 x坐标',
  `map_y` varchar(20) NOT NULL COMMENT '地区 y坐标',
  `month` int(11) NOT NULL COMMENT '月份',
  `create_time` timestamp NOT NULL DEFAULT CURRENT_TIMESTAMP COMMENT '创建时间',
  `operate` varchar(3) NOT NULL COMMENT '数据状态，添加ADD，修改MOD 删除DEL',
  KEY `idx_business_store_store_id` (`store_id`),
  KEY `idx_business_store_b_id` (`b_id`)
) ENGINE=InnoDB DEFAULT CHARSET=utf8
/*!50100 PARTITION BY RANGE (`month`)
(PARTITION business_store_1 VALUES LESS THAN (2) ENGINE = InnoDB,
 PARTITION business_store_2 VALUES LESS THAN (3) ENGINE = InnoDB,
 PARTITION business_store_3 VALUES LESS THAN (4) ENGINE = InnoDB,
 PARTITION business_store_4 VALUES LESS THAN (5) ENGINE = InnoDB,
 PARTITION business_store_5 VALUES LESS THAN (6) ENGINE = InnoDB,
 PARTITION business_store_6 VALUES LESS THAN (7) ENGINE = InnoDB,
 PARTITION business_store_7 VALUES LESS THAN (8) ENGINE = InnoDB,
 PARTITION business_store_8 VALUES LESS THAN (9) ENGINE = InnoDB,
 PARTITION business_store_9 VALUES LESS THAN (10) ENGINE = InnoDB,
 PARTITION business_store_10 VALUES LESS THAN (11) ENGINE = InnoDB,
 PARTITION business_store_11 VALUES LESS THAN (12) ENGINE = InnoDB,
 PARTITION business_store_12 VALUES LESS THAN (13) ENGINE = InnoDB) */;

/*Data for the table `business_store` */

insert  into `business_store`(`store_id`,`b_id`,`user_id`,`name`,`address`,`tel`,`store_type_cd`,`nearby_landmarks`,`map_x`,`map_y`,`month`,`create_time`,`operate`) values ('402019032973010004','202019032981850008','123','齐天超时（王府井店）','青海省西宁市城中区129号','15897089471','M','王府井内','101.801909','36.597263',3,'2019-03-29 14:13:26','ADD'),('402019032924930007','202019032924200010','30518940136629616640','小吴工作室','城南格兰小镇','17797173942','800900000003','青海','','',3,'2019-03-29 14:21:41','ADD'),('402019033005920002','202019033072790004','123','齐天超时（王府井店）','青海省西宁市城中区129号','15897089471','M','王府井内','101.801909','36.597263',3,'2019-03-30 05:32:16','ADD'),('402019033051590001','202019033063640004','123','齐天超时（王府井店）','青海省西宁市城中区129号','15897089471','M','王府井内','101.801909','36.597263',3,'2019-03-30 05:56:22','ADD'),('402019033064560001','202019033033220002','123','齐天超时（王府井店）','青海省西宁市城中区129号','15897089471','M','王府井内','101.801909','36.597263',3,'2019-03-30 06:51:23','ADD'),('402019033060910002','202019033011280002','30518940136629616640','齐天超时（王府井店）','青海省西宁市城中区129号','15897089471','M','王府井内','101.801909','36.597263',3,'2019-03-30 07:47:23','ADD'),('402019033011430001','202019033046130002','30518940136629616640','齐天超时（王府井店）','青海省西宁市城中区129号','15897089471','M','王府井内','101.801909','36.597263',3,'2019-03-30 08:04:39','ADD'),('402019033089200001','202019033072520002','30518940136629616640','齐天超时（王府井店）','青海省西宁市城中区129号','15897089471','M','王府井内','101.801909','36.597263',3,'2019-03-30 08:31:29','ADD'),('402019033091620005','202019033076390007','302019033054910001','996icu公司','青海省西宁市城中区','17797173952','800900000004','中心广场','','',3,'2019-03-30 08:37:31','ADD'),('402019040288380001','202019040289110004','302019040270260001','东方国信科技公司','青海省西宁市','18909798989','800900000003','青海移动公司','','',4,'2019-04-01 16:43:00','ADD'),('402019040289200009','202019040231680007','302019040270260001','东方国信科技公司','青海省西宁市','18909798989','800900000003','青海移动公司','','',4,'2019-04-01 16:45:06','ADD'),('402019040244100017','202019040281460010','302019040270260001','东方国信科技公司','青海省西宁市','18909798989','800900000003','青海移动公司','','',4,'2019-04-01 16:48:29','ADD'),('402019040287010001','202019040234930002','302019040270260001','东方国信科技公司','青海省西宁市','18909798989','800900000003','青海移动公司','','',4,'2019-04-01 16:57:22','ADD'),('402019040290830009','202019040243080007','302019040265910001','中心奥蛋','青海西宁市','17797173990','800900000003','青海','','',4,'2019-04-01 17:02:38','ADD'),('402019041335090001','202019041317610002','30518940136629616640','齐天超时1（王府井店）','青海省西宁市城中区129号','15897089471','M','王府井内','101.801909','36.597263',4,'2019-04-13 15:11:13','ADD'),('402019041322840005','202019041327040005','30518940136629616640','齐天超时1（王府井店）','青海省西宁市城中区129号','15897089471','800900000003','王府井内','101.801909','36.597263',4,'2019-04-13 15:12:27','ADD'),('402019042844630001','202019042862250016','300019042192720001','xxx','xxx','17133858872','800900000001','xxx','','',4,'2019-04-28 02:08:55','ADD'),('402019042896260009','202019042864170019','300019042192720001','xxx','xxx','17133858872','800900000001','xxx','','',4,'2019-04-28 02:09:06','ADD'),('402019042832220017','202019042810810022','300019042192720001','xxx','xxx','17133858872','800900000001','xxx','','',4,'2019-04-28 02:09:06','ADD'),('402019042871510025','202019042809150025','300019042192720001','xxx','xxx','17133858872','800900000001','xxx','','',4,'2019-04-28 02:09:06','ADD'),('402019042831390033','202019042890620028','300019042192720001','xxx','xxx','17133858872','800900000001','xxx','','',4,'2019-04-28 02:09:07','ADD'),('402019042892500040','202019042857010031','300019042192720001','xxx','xxx','17133858872','800900000001','xxx','','',4,'2019-04-28 02:09:07','ADD'),('402019042859260049','202019042803330038','300019042192720001','xxx','xxx','17133858872','800900000001','xxx','','',4,'2019-04-28 02:09:08','ADD'),('402019042892600053','202019042888600034','300019042192720001','xxx','xxx','17133858872','800900000001','xxx','','',4,'2019-04-28 02:09:08','ADD'),('402019042861350065','202019042897110043','300019042192720001','xxx','xxx','17133858872','800900000001','xxx','','',4,'2019-04-28 02:09:08','ADD'),('402019042877090067','202019042832720040','300019042192720001','xxx','xxx','17133858872','800900000001','xxx','','',4,'2019-04-28 02:09:08','ADD'),('402019042800610081','202019042850210049','300019042192720001','xxx','xxx','17133858872','800900000001','xxx','','',4,'2019-04-28 02:09:09','ADD'),('402019042825880088','202019042870660046','300019042192720001','xxx','xxx','17133858872','800900000001','xxx','','',4,'2019-04-28 02:09:10','ADD'),('402019042891860097','202019042897550052','300019042192720001','xxx','xxx','17133858872','800900000001','xxx','','',4,'2019-04-28 02:09:10','ADD'),('402019042873090105','202019042876120055','300019042192720001','xxx','xxx','17133858872','800900000001','xxx','','',4,'2019-04-28 02:09:11','ADD'),('402019042817270113','202019042807020064','300019042192720001','xxx','xxx','17133858872','800900000001','xxx','','',4,'2019-04-28 02:09:12','ADD'),('402019042890260121','202019042819410058','300019042192720001','xxx','xxx','17133858872','800900000001','xxx','','',4,'2019-04-28 02:09:12','ADD'),('402019042817430126','202019042852920061','300019042192720001','xxx','xxx','17133858872','800900000001','xxx','','',4,'2019-04-28 02:09:12','ADD'),('402019042869020136','202019042829820067','300019042192720001','xxx','xxx','17133858872','800900000001','xxx','','',4,'2019-04-28 02:09:13','ADD');

/*Table structure for table `business_store_attr` */

DROP TABLE IF EXISTS `business_store_attr`;

CREATE TABLE `business_store_attr` (
  `b_id` varchar(30) NOT NULL COMMENT '订单ID',
  `attr_id` varchar(30) NOT NULL COMMENT '属性id',
  `store_id` varchar(30) NOT NULL COMMENT '用户ID',
  `spec_cd` varchar(12) NOT NULL COMMENT '规格id,参考spec表',
  `value` varchar(50) NOT NULL COMMENT '属性值',
  `month` int(11) NOT NULL COMMENT '月份',
  `create_time` timestamp NOT NULL DEFAULT CURRENT_TIMESTAMP COMMENT '创建时间',
  `operate` varchar(3) NOT NULL COMMENT '数据状态，添加ADD，修改MOD 删除DEL',
  KEY `idx_business_store_attr_store_id` (`store_id`),
  KEY `idx_business_store_attr_b_id` (`b_id`)
) ENGINE=InnoDB DEFAULT CHARSET=utf8
/*!50100 PARTITION BY RANGE (`month`)
(PARTITION business_store_attr_1 VALUES LESS THAN (2) ENGINE = InnoDB,
 PARTITION business_store_attr_2 VALUES LESS THAN (3) ENGINE = InnoDB,
 PARTITION business_store_attr_3 VALUES LESS THAN (4) ENGINE = InnoDB,
 PARTITION business_store_attr_4 VALUES LESS THAN (5) ENGINE = InnoDB,
 PARTITION business_store_attr_5 VALUES LESS THAN (6) ENGINE = InnoDB,
 PARTITION business_store_attr_6 VALUES LESS THAN (7) ENGINE = InnoDB,
 PARTITION business_store_attr_7 VALUES LESS THAN (8) ENGINE = InnoDB,
 PARTITION business_store_attr_8 VALUES LESS THAN (9) ENGINE = InnoDB,
 PARTITION business_store_attr_9 VALUES LESS THAN (10) ENGINE = InnoDB,
 PARTITION business_store_attr_10 VALUES LESS THAN (11) ENGINE = InnoDB,
 PARTITION business_store_attr_11 VALUES LESS THAN (12) ENGINE = InnoDB,
 PARTITION business_store_attr_12 VALUES LESS THAN (13) ENGINE = InnoDB) */;

/*Data for the table `business_store_attr` */

insert  into `business_store_attr`(`b_id`,`attr_id`,`store_id`,`spec_cd`,`value`,`month`,`create_time`,`operate`) values ('202019032981850008','112019032904350005','402019032973010004','1001','01',3,'2019-03-29 14:13:26','ADD'),('202019032924200010','112019032945350008','402019032924930007','100201903001','吴学文',3,'2019-03-29 14:21:41','ADD'),('202019032924200010','112019032930420009','402019032924930007','100201903002','55',3,'2019-03-29 14:21:41','ADD'),('202019032924200010','112019032984510010','402019032924930007','100201903003','2019-09-31',3,'2019-03-29 14:21:41','ADD'),('202019032924200010','112019032976770011','402019032924930007','100201903004','城中区派出所',3,'2019-03-29 14:21:41','ADD'),('202019032924200010','112019032981460012','402019032924930007','100201903005','城南新区',3,'2019-03-29 14:21:41','ADD'),('202019033072790004','112019033029610003','402019033005920002','1001','01',3,'2019-03-30 05:32:16','ADD'),('202019033063640004','112019033030100002','402019033051590001','1001','01',3,'2019-03-30 05:56:23','ADD'),('202019033033220002','112019033011270002','402019033064560001','1001','01',3,'2019-03-30 06:51:24','ADD'),('202019033011280002','112019033048910003','402019033060910002','1001','01',3,'2019-03-30 07:47:23','ADD'),('202019033046130002','112019033074490002','402019033011430001','1001','01',3,'2019-03-30 08:04:39','ADD'),('202019033072520002','112019033028520002','402019033089200001','1001','01',3,'2019-03-30 08:31:29','ADD'),('202019033076390007','112019033074130006','402019033091620005','100201903001','吴少华',3,'2019-03-30 08:37:31','ADD'),('202019033076390007','112019033074710007','402019033091620005','100201903002','55',3,'2019-03-30 08:37:31','ADD'),('202019033076390007','112019033049210008','402019033091620005','100201903003','2019-09-31',3,'2019-03-30 08:37:31','ADD'),('202019033076390007','112019033009530009','402019033091620005','100201903004','城中区法院',3,'2019-03-30 08:37:31','ADD'),('202019033076390007','112019033015820010','402019033091620005','100201903005','城中区',3,'2019-03-30 08:37:31','ADD'),('202019040289110004','112019040238070002','402019040288380001','100201903001','张永强',4,'2019-04-01 16:43:00','ADD'),('202019040289110004','112019040223030003','402019040288380001','100201903002','78',4,'2019-04-01 16:43:00','ADD'),('202019040289110004','112019040295210004','402019040288380001','100201903003','2013-08-09',4,'2019-04-01 16:43:00','ADD'),('202019040289110004','112019040284060005','402019040288380001','100201903004','青海省法院',4,'2019-04-01 16:43:00','ADD'),('202019040289110004','112019040233330006','402019040288380001','100201903005','软件类',4,'2019-04-01 16:43:00','ADD'),('202019040231680007','112019040242550010','402019040289200009','100201903001','张永强',4,'2019-04-01 16:45:06','ADD'),('202019040231680007','112019040218590011','402019040289200009','100201903002','78',4,'2019-04-01 16:45:06','ADD'),('202019040231680007','112019040216240012','402019040289200009','100201903003','2013-08-09',4,'2019-04-01 16:45:06','ADD'),('202019040231680007','112019040247160013','402019040289200009','100201903004','青海省法院',4,'2019-04-01 16:45:06','ADD'),('202019040231680007','112019040202100014','402019040289200009','100201903005','软件类',4,'2019-04-01 16:45:06','ADD'),('202019040281460010','112019040203560018','402019040244100017','100201903001','张永强',4,'2019-04-01 16:48:29','ADD'),('202019040281460010','112019040203120019','402019040244100017','100201903002','78',4,'2019-04-01 16:48:29','ADD'),('202019040281460010','112019040256540020','402019040244100017','100201903003','2013-08-09',4,'2019-04-01 16:48:29','ADD'),('202019040281460010','112019040227250021','402019040244100017','100201903004','青海省法院',4,'2019-04-01 16:48:29','ADD'),('202019040281460010','112019040261050022','402019040244100017','100201903005','软件类',4,'2019-04-01 16:48:29','ADD'),('202019040234930002','112019040267790002','402019040287010001','100201903001','张永强',4,'2019-04-01 16:57:22','ADD'),('202019040234930002','112019040239380003','402019040287010001','100201903002','78',4,'2019-04-01 16:57:22','ADD'),('202019040234930002','112019040284120004','402019040287010001','100201903003','2013-08-09',4,'2019-04-01 16:57:22','ADD'),('202019040234930002','112019040275090005','402019040287010001','100201903004','青海省法院',4,'2019-04-01 16:57:22','ADD'),('202019040234930002','112019040217860006','402019040287010001','100201903005','软件类',4,'2019-04-01 16:57:22','ADD'),('202019040243080007','112019040295150010','402019040290830009','100201903001','张啤酒',4,'2019-04-01 17:02:38','ADD'),('202019040243080007','112019040238800011','402019040290830009','100201903002','2',4,'2019-04-01 17:02:38','ADD'),('202019040243080007','112019040241670012','402019040290830009','100201903003','2018-12-12',4,'2019-04-01 17:02:38','ADD'),('202019040243080007','112019040212430013','402019040290830009','100201903004','青海女子监狱',4,'2019-04-01 17:02:38','ADD'),('202019040243080007','112019040270810014','402019040290830009','100201903005','经济开发区',4,'2019-04-01 17:02:38','ADD'),('202019041317610002','112019041378600002','402019041335090001','1001','01',4,'2019-04-13 15:11:13','ADD'),('202019041327040005','112019041394890006','402019041322840005','1001','01',4,'2019-04-13 15:12:27','ADD'),('202019042862250016','112019042818430002','402019042844630001','100201903001','xxx',4,'2019-04-28 02:08:55','ADD'),('202019042862250016','112019042850280003','402019042844630001','100201903002','1000000',4,'2019-04-28 02:08:55','ADD'),('202019042862250016','112019042833220004','402019042844630001','100201903003','2019-04-28',4,'2019-04-28 02:08:55','ADD'),('202019042862250016','112019042863400005','402019042844630001','100201903004','xxx',4,'2019-04-28 02:08:55','ADD'),('202019042862250016','112019042835070006','402019042844630001','100201903005','xxx',4,'2019-04-28 02:08:55','ADD'),('202019042864170019','112019042898920010','402019042896260009','100201903001','xxx',4,'2019-04-28 02:09:06','ADD'),('202019042864170019','112019042850310011','402019042896260009','100201903002','1000000',4,'2019-04-28 02:09:06','ADD'),('202019042864170019','112019042834630012','402019042896260009','100201903003','2019-04-28',4,'2019-04-28 02:09:06','ADD'),('202019042864170019','112019042833560013','402019042896260009','100201903004','xxx',4,'2019-04-28 02:09:06','ADD'),('202019042864170019','112019042808460014','402019042896260009','100201903005','xxx',4,'2019-04-28 02:09:06','ADD'),('202019042810810022','112019042890490018','402019042832220017','100201903001','xxx',4,'2019-04-28 02:09:06','ADD'),('202019042810810022','112019042812790019','402019042832220017','100201903002','1000000',4,'2019-04-28 02:09:06','ADD'),('202019042810810022','112019042811050020','402019042832220017','100201903003','2019-04-28',4,'2019-04-28 02:09:06','ADD'),('202019042810810022','112019042856300021','402019042832220017','100201903004','xxx',4,'2019-04-28 02:09:06','ADD'),('202019042810810022','112019042881220022','402019042832220017','100201903005','xxx',4,'2019-04-28 02:09:06','ADD'),('202019042809150025','112019042840460026','402019042871510025','100201903001','xxx',4,'2019-04-28 02:09:06','ADD'),('202019042809150025','112019042821350027','402019042871510025','100201903002','1000000',4,'2019-04-28 02:09:06','ADD'),('202019042809150025','112019042829780028','402019042871510025','100201903003','2019-04-28',4,'2019-04-28 02:09:06','ADD'),('202019042809150025','112019042889780029','402019042871510025','100201903004','xxx',4,'2019-04-28 02:09:06','ADD'),('202019042809150025','112019042839020030','402019042871510025','100201903005','xxx',4,'2019-04-28 02:09:06','ADD'),('202019042890620028','112019042803750034','402019042831390033','100201903001','xxx',4,'2019-04-28 02:09:07','ADD'),('202019042890620028','112019042820130035','402019042831390033','100201903002','1000000',4,'2019-04-28 02:09:07','ADD'),('202019042890620028','112019042899040036','402019042831390033','100201903003','2019-04-28',4,'2019-04-28 02:09:07','ADD'),('202019042890620028','112019042847670037','402019042831390033','100201903004','xxx',4,'2019-04-28 02:09:07','ADD'),('202019042890620028','112019042885210038','402019042831390033','100201903005','xxx',4,'2019-04-28 02:09:07','ADD'),('202019042857010031','112019042886390041','402019042892500040','100201903001','xxx',4,'2019-04-28 02:09:07','ADD'),('202019042857010031','112019042869250042','402019042892500040','100201903002','1000000',4,'2019-04-28 02:09:07','ADD'),('202019042857010031','112019042811630043','402019042892500040','100201903003','2019-04-28',4,'2019-04-28 02:09:07','ADD'),('202019042857010031','112019042857760044','402019042892500040','100201903004','xxx',4,'2019-04-28 02:09:07','ADD'),('202019042857010031','112019042864830045','402019042892500040','100201903005','xxx',4,'2019-04-28 02:09:07','ADD'),('202019042803330038','112019042840820050','402019042859260049','100201903001','xxx',4,'2019-04-28 02:09:08','ADD'),('202019042803330038','112019042852670051','402019042859260049','100201903002','1000000',4,'2019-04-28 02:09:08','ADD'),('202019042803330038','112019042809960052','402019042859260049','100201903003','2019-04-28',4,'2019-04-28 02:09:08','ADD'),('202019042803330038','112019042809950054','402019042859260049','100201903004','xxx',4,'2019-04-28 02:09:08','ADD'),('202019042888600034','112019042860770055','402019042892600053','100201903001','xxx',4,'2019-04-28 02:09:08','ADD'),('202019042803330038','112019042816690056','402019042859260049','100201903005','xxx',4,'2019-04-28 02:09:08','ADD'),('202019042888600034','112019042812360057','402019042892600053','100201903002','1000000',4,'2019-04-28 02:09:08','ADD'),('202019042888600034','112019042828220059','402019042892600053','100201903003','2019-04-28',4,'2019-04-28 02:09:08','ADD'),('202019042888600034','112019042899790060','402019042892600053','100201903004','xxx',4,'2019-04-28 02:09:08','ADD'),('202019042888600034','112019042858600061','402019042892600053','100201903005','xxx',4,'2019-04-28 02:09:08','ADD'),('202019042897110043','112019042854370066','402019042861350065','100201903001','xxx',4,'2019-04-28 02:09:08','ADD'),('202019042897110043','112019042802080068','402019042861350065','100201903002','1000000',4,'2019-04-28 02:09:08','ADD'),('202019042832720040','112019042858360069','402019042877090067','100201903001','xxx',4,'2019-04-28 02:09:08','ADD'),('202019042897110043','112019042866510070','402019042861350065','100201903003','2019-04-28',4,'2019-04-28 02:09:08','ADD'),('202019042832720040','112019042849850071','402019042877090067','100201903002','1000000',4,'2019-04-28 02:09:08','ADD'),('202019042897110043','112019042884780072','402019042861350065','100201903004','xxx',4,'2019-04-28 02:09:08','ADD'),('202019042832720040','112019042816480073','402019042877090067','100201903003','2019-04-28',4,'2019-04-28 02:09:08','ADD'),('202019042897110043','112019042839980074','402019042861350065','100201903005','xxx',4,'2019-04-28 02:09:08','ADD'),('202019042832720040','112019042807720075','402019042877090067','100201903004','xxx',4,'2019-04-28 02:09:08','ADD'),('202019042832720040','112019042885450077','402019042877090067','100201903005','xxx',4,'2019-04-28 02:09:09','ADD'),('202019042850210049','112019042842270082','402019042800610081','100201903001','xxx',4,'2019-04-28 02:09:09','ADD'),('202019042850210049','112019042894130083','402019042800610081','100201903002','1000000',4,'2019-04-28 02:09:09','ADD'),('202019042850210049','112019042803300084','402019042800610081','100201903003','2019-04-28',4,'2019-04-28 02:09:09','ADD'),('202019042850210049','112019042886920085','402019042800610081','100201903004','xxx',4,'2019-04-28 02:09:09','ADD'),('202019042850210049','112019042821740086','402019042800610081','100201903005','xxx',4,'2019-04-28 02:09:09','ADD'),('202019042870660046','112019042886040089','402019042825880088','100201903001','xxx',4,'2019-04-28 02:09:10','ADD'),('202019042870660046','112019042847940090','402019042825880088','100201903002','1000000',4,'2019-04-28 02:09:10','ADD'),('202019042870660046','112019042864700091','402019042825880088','100201903003','2019-04-28',4,'2019-04-28 02:09:10','ADD'),('202019042870660046','112019042868080092','402019042825880088','100201903004','xxx',4,'2019-04-28 02:09:10','ADD'),('202019042870660046','112019042817230093','402019042825880088','100201903005','xxx',4,'2019-04-28 02:09:10','ADD'),('202019042897550052','112019042868520098','402019042891860097','100201903001','xxx',4,'2019-04-28 02:09:10','ADD'),('202019042897550052','112019042891650099','402019042891860097','100201903002','1000000',4,'2019-04-28 02:09:10','ADD'),('202019042897550052','112019042868420100','402019042891860097','100201903003','2019-04-28',4,'2019-04-28 02:09:10','ADD'),('202019042897550052','112019042827550101','402019042891860097','100201903004','xxx',4,'2019-04-28 02:09:10','ADD'),('202019042897550052','112019042823110102','402019042891860097','100201903005','xxx',4,'2019-04-28 02:09:10','ADD'),('202019042876120055','112019042834970106','402019042873090105','100201903001','xxx',4,'2019-04-28 02:09:11','ADD'),('202019042876120055','112019042836850107','402019042873090105','100201903002','1000000',4,'2019-04-28 02:09:11','ADD'),('202019042876120055','112019042848110108','402019042873090105','100201903003','2019-04-28',4,'2019-04-28 02:09:11','ADD'),('202019042876120055','112019042872230109','402019042873090105','100201903004','xxx',4,'2019-04-28 02:09:11','ADD'),('202019042876120055','112019042868410110','402019042873090105','100201903005','xxx',4,'2019-04-28 02:09:11','ADD'),('202019042807020064','112019042800880114','402019042817270113','100201903001','xxx',4,'2019-04-28 02:09:12','ADD'),('202019042807020064','112019042850250115','402019042817270113','100201903002','1000000',4,'2019-04-28 02:09:12','ADD'),('202019042807020064','112019042847750116','402019042817270113','100201903003','2019-04-28',4,'2019-04-28 02:09:12','ADD'),('202019042807020064','112019042892310117','402019042817270113','100201903004','xxx',4,'2019-04-28 02:09:12','ADD'),('202019042807020064','112019042889350118','402019042817270113','100201903005','xxx',4,'2019-04-28 02:09:12','ADD'),('202019042819410058','112019042899900122','402019042890260121','100201903001','xxx',4,'2019-04-28 02:09:12','ADD'),('202019042819410058','112019042863870123','402019042890260121','100201903002','1000000',4,'2019-04-28 02:09:12','ADD'),('202019042819410058','112019042855890124','402019042890260121','100201903003','2019-04-28',4,'2019-04-28 02:09:12','ADD'),('202019042819410058','112019042802340125','402019042890260121','100201903004','xxx',4,'2019-04-28 02:09:12','ADD'),('202019042819410058','112019042827120127','402019042890260121','100201903005','xxx',4,'2019-04-28 02:09:12','ADD'),('202019042852920061','112019042887550128','402019042817430126','100201903001','xxx',4,'2019-04-28 02:09:12','ADD'),('202019042852920061','112019042842980130','402019042817430126','100201903002','1000000',4,'2019-04-28 02:09:12','ADD'),('202019042852920061','112019042855700131','402019042817430126','100201903003','2019-04-28',4,'2019-04-28 02:09:12','ADD'),('202019042852920061','112019042866850132','402019042817430126','100201903004','xxx',4,'2019-04-28 02:09:12','ADD'),('202019042852920061','112019042821250133','402019042817430126','100201903005','xxx',4,'2019-04-28 02:09:12','ADD'),('202019042829820067','112019042808070137','402019042869020136','100201903001','xxx',4,'2019-04-28 02:09:13','ADD'),('202019042829820067','112019042883900138','402019042869020136','100201903002','1000000',4,'2019-04-28 02:09:13','ADD'),('202019042829820067','112019042860250139','402019042869020136','100201903003','2019-04-28',4,'2019-04-28 02:09:13','ADD'),('202019042829820067','112019042894590140','402019042869020136','100201903004','xxx',4,'2019-04-28 02:09:13','ADD'),('202019042829820067','112019042854450141','402019042869020136','100201903005','xxx',4,'2019-04-28 02:09:13','ADD');

/*Table structure for table `business_store_cerdentials` */

DROP TABLE IF EXISTS `business_store_cerdentials`;

CREATE TABLE `business_store_cerdentials` (
  `store_cerdentials_id` varchar(30) NOT NULL COMMENT '商户证件ID',
  `b_id` varchar(30) NOT NULL COMMENT '业务Id',
  `store_id` varchar(30) NOT NULL COMMENT '商店ID',
  `credentials_cd` varchar(12) NOT NULL COMMENT '证件类型，对应于 credentials表',
  `value` varchar(50) NOT NULL COMMENT '证件号码',
  `validity_period` date NOT NULL COMMENT '有效期，如果是长期有效 写成 3000/1/1',
  `positive_photo` varchar(100) DEFAULT NULL COMMENT '正面照片',
  `negative_photo` varchar(100) DEFAULT NULL COMMENT '反面照片',
  `month` int(11) NOT NULL COMMENT '月份',
  `create_time` timestamp NOT NULL DEFAULT CURRENT_TIMESTAMP COMMENT '创建时间',
  `operate` varchar(3) NOT NULL COMMENT '数据状态，添加ADD，修改MOD 删除DEL',
  KEY `idx_business_store_cerdentials_store_id` (`store_id`),
  KEY `idx_business_store_cerdentials_b_id` (`b_id`)
) ENGINE=InnoDB DEFAULT CHARSET=utf8
/*!50100 PARTITION BY RANGE (`month`)
(PARTITION business_store_cerdentials_1 VALUES LESS THAN (2) ENGINE = InnoDB,
 PARTITION business_store_cerdentials_2 VALUES LESS THAN (3) ENGINE = InnoDB,
 PARTITION business_store_cerdentials_3 VALUES LESS THAN (4) ENGINE = InnoDB,
 PARTITION business_store_cerdentials_4 VALUES LESS THAN (5) ENGINE = InnoDB,
 PARTITION business_store_cerdentials_5 VALUES LESS THAN (6) ENGINE = InnoDB,
 PARTITION business_store_cerdentials_6 VALUES LESS THAN (7) ENGINE = InnoDB,
 PARTITION business_store_cerdentials_7 VALUES LESS THAN (8) ENGINE = InnoDB,
 PARTITION business_store_cerdentials_8 VALUES LESS THAN (9) ENGINE = InnoDB,
 PARTITION business_store_cerdentials_9 VALUES LESS THAN (10) ENGINE = InnoDB,
 PARTITION business_store_cerdentials_10 VALUES LESS THAN (11) ENGINE = InnoDB,
 PARTITION business_store_cerdentials_11 VALUES LESS THAN (12) ENGINE = InnoDB,
 PARTITION business_store_cerdentials_12 VALUES LESS THAN (13) ENGINE = InnoDB) */;

/*Data for the table `business_store_cerdentials` */

insert  into `business_store_cerdentials`(`store_cerdentials_id`,`b_id`,`store_id`,`credentials_cd`,`value`,`validity_period`,`positive_photo`,`negative_photo`,`month`,`create_time`,`operate`) values ('422019032937620006','202019032981850008','402019032973010004','300200900001','632126XXXXXXXX2011','3000-01-01','1234567.jpg','',3,'2019-03-29 14:13:26','ADD'),('422019032958420013','202019032924200010','402019032924930007','300200900001','632126199109162011','2030-10-01','','',3,'2019-03-29 14:21:41','ADD'),('422019033094470004','202019033072790004','402019033005920002','300200900001','632126XXXXXXXX2011','3000-01-01','1234567.jpg','',3,'2019-03-30 05:32:16','ADD'),('422019033049340003','202019033063640004','402019033051590001','300200900001','632126XXXXXXXX2011','3000-01-01','1234567.jpg','',3,'2019-03-30 05:56:23','ADD'),('422019033004800003','202019033033220002','402019033064560001','300200900001','632126XXXXXXXX2011','3000-01-01','1234567.jpg','',3,'2019-03-30 06:51:24','ADD'),('422019033073800004','202019033011280002','402019033060910002','300200900001','632126XXXXXXXX2011','3000-01-01','1234567.jpg','',3,'2019-03-30 07:47:23','ADD'),('422019033088010003','202019033046130002','402019033011430001','300200900001','632126XXXXXXXX2011','3000-01-01','1234567.jpg','',3,'2019-03-30 08:04:39','ADD'),('422019033031850003','202019033072520002','402019033089200001','300200900001','632126XXXXXXXX2011','3000-01-01','1234567.jpg','',3,'2019-03-30 08:31:29','ADD'),('422019033000830011','202019033076390007','402019033091620005','300200900001','632126199109162088','2030-02-09','','',3,'2019-03-30 08:37:31','ADD'),('422019040221330007','202019040289110004','402019040288380001','300200900001','632126199109162099','2019-09-09','','',4,'2019-04-01 16:43:00','ADD'),('422019040258080015','202019040231680007','402019040289200009','300200900001','632126199109162099','2019-09-09','','',4,'2019-04-01 16:45:06','ADD'),('422019040233760023','202019040281460010','402019040244100017','300200900001','632126199109162099','2019-09-09','','',4,'2019-04-01 16:48:29','ADD'),('422019040286960007','202019040234930002','402019040287010001','300200900001','632126199109162099','2019-09-09','','',4,'2019-04-01 16:57:22','ADD'),('422019040215000015','202019040243080007','402019040290830009','300200900001','632126199809162033','2035-09-08','','',4,'2019-04-01 17:02:38','ADD'),('422019041368290003','202019041317610002','402019041335090001','300200900001','632126XXXXXXXX2011','3000-01-01','1234567.jpg','',4,'2019-04-13 15:11:13','ADD'),('422019041364480007','202019041327040005','402019041322840005','300200900001','632126XXXXXXXX2011','3000-01-01','1234567.jpg','',4,'2019-04-13 15:12:27','ADD'),('422019042873500007','202019042862250016','402019042844630001','300200900001','xxx','2119-04-28','','',4,'2019-04-28 02:08:55','ADD'),('422019042899240015','202019042864170019','402019042896260009','300200900001','xxx','2119-04-28','','',4,'2019-04-28 02:09:06','ADD'),('422019042807860023','202019042810810022','402019042832220017','300200900001','xxx','2119-04-28','','',4,'2019-04-28 02:09:06','ADD'),('422019042831960031','202019042809150025','402019042871510025','300200900001','xxx','2119-04-28','','',4,'2019-04-28 02:09:06','ADD'),('422019042842490039','202019042890620028','402019042831390033','300200900001','xxx','2119-04-28','','',4,'2019-04-28 02:09:07','ADD'),('422019042873850046','202019042857010031','402019042892500040','300200900001','xxx','2119-04-28','','',4,'2019-04-28 02:09:07','ADD'),('422019042883320058','202019042803330038','402019042859260049','300200900001','xxx','2119-04-28','','',4,'2019-04-28 02:09:08','ADD'),('422019042866290062','202019042888600034','402019042892600053','300200900001','xxx','2119-04-28','','',4,'2019-04-28 02:09:08','ADD'),('422019042872800076','202019042897110043','402019042861350065','300200900001','xxx','2119-04-28','','',4,'2019-04-28 02:09:08','ADD'),('422019042830520078','202019042832720040','402019042877090067','300200900001','xxx','2119-04-28','','',4,'2019-04-28 02:09:09','ADD'),('422019042869300087','202019042850210049','402019042800610081','300200900001','xxx','2119-04-28','','',4,'2019-04-28 02:09:09','ADD'),('422019042812100094','202019042870660046','402019042825880088','300200900001','xxx','2119-04-28','','',4,'2019-04-28 02:09:10','ADD'),('422019042875860103','202019042897550052','402019042891860097','300200900001','xxx','2119-04-28','','',4,'2019-04-28 02:09:10','ADD'),('422019042825760111','202019042876120055','402019042873090105','300200900001','xxx','2119-04-28','','',4,'2019-04-28 02:09:11','ADD'),('422019042829710119','202019042807020064','402019042817270113','300200900001','xxx','2119-04-28','','',4,'2019-04-28 02:09:12','ADD'),('422019042832350129','202019042819410058','402019042890260121','300200900001','xxx','2119-04-28','','',4,'2019-04-28 02:09:12','ADD'),('422019042857470134','202019042852920061','402019042817430126','300200900001','xxx','2119-04-28','','',4,'2019-04-28 02:09:12','ADD'),('422019042807680142','202019042829820067','402019042869020136','300200900001','xxx','2119-04-28','','',4,'2019-04-28 02:09:13','ADD');

/*Table structure for table `business_store_photo` */

DROP TABLE IF EXISTS `business_store_photo`;

CREATE TABLE `business_store_photo` (
  `store_photo_id` varchar(30) NOT NULL COMMENT '商户照片ID',
  `b_id` varchar(30) NOT NULL COMMENT '业务Id',
  `store_id` varchar(30) NOT NULL COMMENT '商店ID',
  `store_photo_type_cd` varchar(12) NOT NULL COMMENT '商户照片类型,T 门头照 I 内景照',
  `photo` varchar(100) NOT NULL COMMENT '照片',
  `month` int(11) NOT NULL COMMENT '月份',
  `create_time` timestamp NOT NULL DEFAULT CURRENT_TIMESTAMP COMMENT '创建时间',
  `operate` varchar(3) NOT NULL COMMENT '数据状态，添加ADD，修改MOD 删除DEL',
  KEY `idx_business_store_photo_store_id` (`store_id`),
  KEY `idx_business_store_photo_b_id` (`b_id`)
) ENGINE=InnoDB DEFAULT CHARSET=utf8
/*!50100 PARTITION BY RANGE (`month`)
(PARTITION business_store_photo_1 VALUES LESS THAN (2) ENGINE = InnoDB,
 PARTITION business_store_photo_2 VALUES LESS THAN (3) ENGINE = InnoDB,
 PARTITION business_store_photo_3 VALUES LESS THAN (4) ENGINE = InnoDB,
 PARTITION business_store_photo_4 VALUES LESS THAN (5) ENGINE = InnoDB,
 PARTITION business_store_photo_5 VALUES LESS THAN (6) ENGINE = InnoDB,
 PARTITION business_store_photo_6 VALUES LESS THAN (7) ENGINE = InnoDB,
 PARTITION business_store_photo_7 VALUES LESS THAN (8) ENGINE = InnoDB,
 PARTITION business_store_photo_8 VALUES LESS THAN (9) ENGINE = InnoDB,
 PARTITION business_store_photo_9 VALUES LESS THAN (10) ENGINE = InnoDB,
 PARTITION business_store_photo_10 VALUES LESS THAN (11) ENGINE = InnoDB,
 PARTITION business_store_photo_11 VALUES LESS THAN (12) ENGINE = InnoDB,
 PARTITION business_store_photo_12 VALUES LESS THAN (13) ENGINE = InnoDB) */;

/*Data for the table `business_store_photo` */

/*Table structure for table `business_store_user` */

DROP TABLE IF EXISTS `business_store_user`;

CREATE TABLE `business_store_user` (
  `store_user_id` varchar(30) NOT NULL COMMENT '代理商用户ID',
  `store_id` varchar(30) NOT NULL COMMENT '代理商ID',
  `b_id` varchar(30) NOT NULL COMMENT '业务Id',
  `user_id` varchar(30) NOT NULL COMMENT '用户ID',
  `rel_cd` varchar(30) NOT NULL COMMENT '用户和代理商关系 详情查看 agent_user_rel表',
  `month` int(11) NOT NULL COMMENT '月份',
  `create_time` timestamp NOT NULL DEFAULT CURRENT_TIMESTAMP COMMENT '创建时间',
  `operate` varchar(3) NOT NULL COMMENT '数据状态，添加ADD，修改MOD 删除DEL'
) ENGINE=InnoDB DEFAULT CHARSET=utf8;

/*Data for the table `business_store_user` */

insert  into `business_store_user`(`store_user_id`,`store_id`,`b_id`,`user_id`,`rel_cd`,`month`,`create_time`,`operate`) values ('null2019033029230001','402019032924930007','202019033013440002','','600311000001',3,'2019-03-30 04:04:38','ADD'),('null2019033049030001','402019032924930007','202019033086100002','','600311000001',3,'2019-03-30 05:17:15','ADD'),('452019033088370001','-1','202019033050340003','30518940136629616640','600311000001',3,'2019-03-30 07:47:23','ADD'),('452019033087150004','402019033011430001','202019033046310003','30518940136629616640','600311000001',3,'2019-03-30 08:04:39','ADD'),('452019033038670004','402019033089200001','202019033081420003','30518940136629616640','600311000001',3,'2019-03-30 08:31:29','ADD'),('452019033054120012','402019033091620005','202019033069920008','302019033054910001','600311000001',3,'2019-03-30 08:37:31','ADD'),('452019040265580008','402019040288380001','202019040228000005','302019040270260001','600311000001',4,'2019-04-01 16:43:01','ADD'),('452019040205330016','402019040289200009','202019040204720008','302019040270260001','600311000001',4,'2019-04-01 16:45:06','ADD'),('452019040261310024','402019040244100017','202019040247210011','302019040270260001','600311000001',4,'2019-04-01 16:48:29','ADD'),('452019040229440008','402019040287010001','202019040244340003','302019040270260001','600311000001',4,'2019-04-01 16:57:22','ADD'),('452019040227320016','402019040290830009','202019040270570008','302019040265910001','600311000001',4,'2019-04-01 17:02:38','ADD'),('452019040293800017','402019032924930007','202019040259660010','','600311000001',4,'2019-04-02 09:25:16','ADD'),('452019040216260001','402019032924930007','202019040227860003','302019040246120002','600311000002',4,'2019-04-02 11:36:44','ADD'),('452019040369300001','402019032924930007','202019040356450003','302019040317140001','600311000002',4,'2019-04-03 02:24:54','ADD'),('452019040398910002','402019032924930007','202019040389340006','302019040366990002','600311000002',4,'2019-04-03 02:27:23','ADD'),('452019040395580001','402019032924930007','202019040346960003','302019040367880001','600311000002',4,'2019-04-03 03:12:05','ADD'),('452019040392660001','402019032924930007','202019040376180005','302019040356630001','600311000002',4,'2019-04-03 14:50:57','ADD'),('452019040307490002','402019032924930007','202019040342840008','302019040332500002','600311000002',4,'2019-04-03 14:51:56','ADD'),('452019040347590003','402019032924930007','202019040367530011','302019040343530003','600311000002',4,'2019-04-03 14:52:54','ADD'),('452019040357990004','402019032924930007','202019040320970014','302019040356300004','600311000002',4,'2019-04-03 14:53:47','ADD'),('452019040393370005','402019032924930007','202019040397350017','302019040355650005','600311000002',4,'2019-04-03 14:54:59','ADD'),('452019040372570006','402019032924930007','202019040334540020','302019040339750006','600311000002',4,'2019-04-03 14:55:54','ADD'),('452019040395580001','402019032924930007','202019040491800002','302019040367880001','600311000002',4,'2019-04-04 08:09:32','DEl'),('452019040395580001','402019032924930007','202019040488730005','302019040367880001','600311000002',4,'2019-04-04 08:14:03','DEl'),('452019040395580001','402019032924930007','202019040438610002','302019040367880001','600311000002',4,'2019-04-04 08:22:38','DEl'),('452019040395580001','402019032924930007','202019040459910005','302019040367880001','600311000002',4,'2019-04-04 08:25:49','DEl'),('452019040395580001','402019032924930007','202019040406410008','302019040367880001','600311000002',4,'2019-04-04 08:35:54','DEl'),('452019040395580001','402019032924930007','202019040400180011','302019040367880001','600311000002',4,'2019-04-04 08:39:35','DEl'),('452019040369300001','402019032924930007','202019040479990014','302019040317140001','600311000002',4,'2019-04-04 08:39:58','DEl'),('452019040456490001','402019032924930007','202019040496010018','302019040422250001','600311000002',4,'2019-04-04 08:40:57','ADD'),('452019040426520001','402019032924930007','202019040494260003','302019040481060001','600311000002',4,'2019-04-04 14:24:57','ADD'),('452019033038670004','402019032924930007','202019041376160004','30518940136629616640','600311000001',4,'2019-04-13 04:50:25','DEl'),('452019041305490004','402019041335090001','202019041375730003','30518940136629616640','600311000001',4,'2019-04-13 15:11:13','ADD'),('452019041336750008','402019041322840005','202019041318030006','30518940136629616640','600311000001',4,'2019-04-13 15:12:27','ADD'),('452019041888240001','402019032924930007','202019041810750003','302019041824320001','600311000002',4,'2019-04-18 02:20:04','ADD'),('452019042191050001','402019032924930007','202019042139970003','302019042192720001','600311000002',4,'2019-04-21 10:04:02','ADD'),('452019042886910008','402019042844630001','202019042892790017','300019042192720001','600311000001',4,'2019-04-28 02:08:55','ADD'),('452019042859590016','402019042896260009','202019042813460020','300019042192720001','600311000001',4,'2019-04-28 02:09:06','ADD'),('452019042854370024','402019042832220017','202019042879890023','300019042192720001','600311000001',4,'2019-04-28 02:09:06','ADD'),('452019042856970032','402019042871510025','202019042821020026','300019042192720001','600311000001',4,'2019-04-28 02:09:06','ADD'),('452019042852570047','402019042831390033','202019042874650029','300019042192720001','600311000001',4,'2019-04-28 02:09:07','ADD'),('452019042829530048','402019042892500040','202019042885450032','300019042192720001','600311000001',4,'2019-04-28 02:09:07','ADD'),('452019042877420063','402019042859260049','202019042893500039','300019042192720001','600311000001',4,'2019-04-28 02:09:08','ADD'),('452019042883290064','402019042892600053','202019042820240035','300019042192720001','600311000001',4,'2019-04-28 02:09:08','ADD'),('452019042834270079','402019042877090067','202019042888960041','300019042192720001','600311000001',4,'2019-04-28 02:09:09','ADD'),('452019042869240080','402019042861350065','202019042836610044','300019042192720001','600311000001',4,'2019-04-28 02:09:09','ADD'),('452019042820940095','402019042825880088','202019042888030047','300019042192720001','600311000001',4,'2019-04-28 02:09:10','ADD'),('452019042851520096','402019042800610081','202019042806640050','300019042192720001','600311000001',4,'2019-04-28 02:09:10','ADD'),('452019042844860104','402019042891860097','202019042813420053','300019042192720001','600311000001',4,'2019-04-28 02:09:10','ADD'),('452019042854350112','402019042873090105','202019042899920056','300019042192720001','600311000001',4,'2019-04-28 02:09:11','ADD'),('452019042853400120','402019042817270113','202019042848480065','300019042192720001','600311000001',4,'2019-04-28 02:09:12','ADD'),('452019042866050135','402019042890260121','202019042842350059','300019042192720001','600311000001',4,'2019-04-28 02:09:12','ADD'),('452019042859780143','402019042869020136','202019042839280068','300019042192720001','600311000001',4,'2019-04-28 02:09:13','ADD'),('452019042892920144','402019042817430126','202019042830960062','300019042192720001','600311000001',4,'2019-04-28 02:09:13','ADD'),('452019042830310145','402019032924930007','202019042882310071','302019042846260005','600311000002',4,'2019-04-28 06:59:56','ADD');

/*Table structure for table `business_user` */

DROP TABLE IF EXISTS `business_user`;

CREATE TABLE `business_user` (
  `id` int(11) NOT NULL AUTO_INCREMENT COMMENT 'id',
  `b_id` varchar(30) NOT NULL COMMENT '业务Id',
  `user_id` varchar(30) NOT NULL COMMENT '用户ID',
  `name` varchar(50) NOT NULL COMMENT '名称',
  `email` varchar(30) DEFAULT NULL COMMENT '邮箱地址',
  `address` varchar(200) DEFAULT NULL COMMENT '现居住地址',
  `password` varchar(128) DEFAULT NULL COMMENT '用户密码，加密过后',
  `location_cd` varchar(8) DEFAULT NULL COMMENT '用户地区，编码详见 u_location',
  `age` int(11) DEFAULT NULL COMMENT '用户年龄',
  `sex` varchar(1) DEFAULT NULL COMMENT '性别，0表示男孩 1表示女孩',
  `tel` varchar(11) NOT NULL,
  `level_cd` varchar(2) NOT NULL DEFAULT '0' COMMENT '用户级别,关联user_level',
  `create_time` timestamp NOT NULL DEFAULT CURRENT_TIMESTAMP COMMENT '创建时间',
  `operate` varchar(3) NOT NULL COMMENT '数据状态，添加ADD，修改MOD 删除DEL',
  PRIMARY KEY (`id`)
) ENGINE=InnoDB AUTO_INCREMENT=109 DEFAULT CHARSET=utf8;

/*Data for the table `business_user` */

insert  into `business_user`(`id`,`b_id`,`user_id`,`name`,`email`,`address`,`password`,`location_cd`,`age`,`sex`,`tel`,`level_cd`,`create_time`,`operate`) values (1,'20516329683810271232','30516329684078706688','张三','928255095@qq.com',NULL,'ERCBHDUYFJDNDHDJDNDJDHDUDHDJDDKDK',NULL,NULL,'0','17797173943','0','2018-11-25 11:09:49','ADD'),(2,'20516332294412189696','30516332294873563136','李四','928255095@qq.com',NULL,'ERCBHDUYFJDNDHDJDNDJDHDUDHDJDDKDK',NULL,NULL,'0','17797173943','0','2018-11-25 11:20:12','ADD'),(3,'20516364589907066880','30516364590414577664','王五','928255095@qq.com',NULL,'ERCBHDUYFJDNDHDJDNDJDHDUDHDJDDKDK',NULL,NULL,'0','17797173943','0','2018-11-25 13:28:31','ADD'),(4,'20516365201587585024','30516365201923129344','王五1','928255095@qq.com',NULL,'ERCBHDUYFJDNDHDJDNDJDHDUDHDJDDKDK',NULL,NULL,'0','17797173943','0','2018-11-25 13:30:57','ADD'),(5,'20516366112951123968','30516366113219559424','王五2','928255095@qq.com',NULL,'ERCBHDUYFJDNDHDJDNDJDHDUDHDJDDKDK',NULL,NULL,'0','17797173943','0','2018-11-25 13:34:35','ADD'),(6,'20516366708928167936','30516366709171437568','王五3','928255095@qq.com',NULL,'ERCBHDUYFJDNDHDJDNDJDHDUDHDJDDKDK',NULL,NULL,'0','17797173943','0','2018-11-25 13:36:57','ADD'),(7,'20516368306257543168','30516368306509201408','王五4','928255095@qq.com',NULL,'ERCBHDUYFJDNDHDJDNDJDHDUDHDJDDKDK',NULL,NULL,'0','17797173943','0','2018-11-25 13:43:17','ADD'),(8,'20516374464208846848','30516374464544391168','王五5','928255095@qq.com',NULL,'ERCBHDUYFJDNDHDJDNDJDHDUDHDJDDKDK',NULL,NULL,'0','17797173943','0','2018-11-25 14:07:46','ADD'),(9,'20516374772574076928','30516374772855095296','王五6','928255095@qq.com',NULL,'ERCBHDUYFJDNDHDJDNDJDHDUDHDJDDKDK',NULL,NULL,'0','17797173943','0','2018-11-25 14:08:59','ADD'),(10,'20516374801669963776','30516374801938399232','王五7','928255095@qq.com',NULL,'ERCBHDUYFJDNDHDJDNDJDHDUDHDJDDKDK',NULL,NULL,'0','17797173943','0','2018-11-25 14:09:06','ADD'),(11,'20516377393317822464','30516377393741447168','王五7','928255095@qq.com',NULL,'ERCBHDUYFJDNDHDJDNDJDHDUDHDJDDKDK',NULL,NULL,'0','17797173943','0','2018-11-25 14:19:24','ADD'),(12,'20516381939620397056','30516381939989495808','王五8','928255095@qq.com',NULL,'ERCBHDUYFJDNDHDJDNDJDHDUDHDJDDKDK',NULL,NULL,'0','17797173943','0','2018-11-25 14:37:28','ADD'),(13,'20516387722659643392','30516387723230068736','王五9','928255095@qq.com',NULL,'ERCBHDUYFJDNDHDJDNDJDHDUDHDJDDKDK',NULL,NULL,'0','17797173943','0','2018-11-25 15:00:27','ADD'),(14,'20516389224736374784','30516389225004810240','王五10','928255095@qq.com',NULL,'ERCBHDUYFJDNDHDJDNDJDHDUDHDJDDKDK',NULL,NULL,'0','17797173943','0','2018-11-25 15:06:25','ADD'),(15,'20516389265110745088','30516389265349820416','王五11','928255095@qq.com',NULL,'ERCBHDUYFJDNDHDJDNDJDHDUDHDJDDKDK',NULL,NULL,'0','17797173943','0','2018-11-25 15:06:34','ADD'),(16,'20516398820167270400','30516398820397957120','吴学文','',NULL,'0724094fbcd70db0493034daa2120aa1',NULL,NULL,'0','15897089471','0','2018-11-25 15:44:33','ADD'),(17,'20516400356243030016','30516400356482105344','师师','',NULL,'f1ab59f367854c555a84d42155d39aa3',NULL,NULL,'0','18987095720','0','2018-11-25 15:50:39','ADD'),(18,'20516401273893830656','30516401274132905984','张试卷','',NULL,'cdfea6fbffcd82758eec12a96c64e682',NULL,NULL,'0','15897089471','0','2018-11-25 15:54:18','ADD'),(19,'20517072482935521280','30517072483300425728','张三','',NULL,'dc2263f093f3db5edd6ce5ea6aa81c32',NULL,NULL,'0','17797173947','0','2018-11-27 12:21:26','ADD'),(20,'20517086035457359872','30517086035897761792','吴学文123','',NULL,'c91cf5db90773073a558e8740521c01c',NULL,NULL,'0','17797173942','0','2018-11-27 13:15:17','ADD'),(21,'20517710159825354752','30517710166884368384','王五112','928255095@qq.com',NULL,'ERCBHDUYFJDNDHDJDNDJDHDUDHDJDDKDK',NULL,NULL,'0','17797173943','0','2018-11-29 06:35:22','ADD'),(22,'20518939876956061696','30518939884421922816','admin','',NULL,'23a39fd21728292e1f794b250bc67019',NULL,NULL,'0','17797173944','0','2018-12-02 16:01:50','ADD'),(23,'20518940136344403968','30518940136629616640','wuxw','',NULL,'0bda701c63916b42e71851214373fe1b',NULL,NULL,'0','17797173940','0','2018-12-02 16:02:50','ADD'),(24,'20520751770314489856','30520751775595118592','zhangsan','',NULL,'b8ed29901921a8e7a8ec34d874a5379b',NULL,NULL,'0','17797173942','0','2018-12-07 16:01:38','ADD'),(25,'20520752094244782080','30520752094488051712','zhangsan','',NULL,'b8ed29901921a8e7a8ec34d874a5379b',NULL,NULL,'0','17797173942','0','2018-12-07 16:02:54','ADD'),(26,'20520752515906551808','30520752516195958784','zhangsan','',NULL,'b8ed29901921a8e7a8ec34d874a5379b',NULL,NULL,'0','17797173942','0','2018-12-07 16:04:34','ADD'),(27,'20520752654096285696','30520752654427635712','zhangsan','',NULL,'b8ed29901921a8e7a8ec34d874a5379b',NULL,NULL,'0','17797173942','0','2018-12-07 16:05:07','ADD'),(28,'20520753111019569152','30520753111732600832','lisi','',NULL,'f8b789267d0ea8414dd9dea3f88d2e66',NULL,NULL,'0','17797173942','0','2018-12-07 16:06:56','ADD'),(29,'20521002816139968512','30521002824033648640','admin','',NULL,'cdfea6fbffcd82758eec12a96c64e682',NULL,NULL,'0','15963245875','00','2018-12-08 08:39:13','ADD'),(30,'20521125064184184832','30521125069510950912','wuxw','928255095@qq.com',NULL,'cdfea6fbffcd82758eec12a96c64e682',NULL,NULL,'0','17797289806','01','2018-12-08 16:44:58','ADD'),(31,'20521292250362167296','30521125069510950912','wuxw','928255095@qq.com',NULL,'cdfea6fbffcd82758eec12a96c64e682',NULL,NULL,'0','17797289806','01','2018-12-09 03:49:19','DEl'),(32,'20521294334742511616','30521125069510950912','wuxw','928255095@qq.com',NULL,'cdfea6fbffcd82758eec12a96c64e682',NULL,NULL,'0','17797289806','01','2018-12-09 03:57:36','DEl'),(33,'20521294983668449280','30521125069510950912','wuxw','928255095@qq.com',NULL,'cdfea6fbffcd82758eec12a96c64e682',NULL,NULL,'0','17797289806','01','2018-12-09 04:00:09','ADD'),(34,'20521299093675327488','30521299095785062400','wangym','928255095@qq.com',NULL,'cdfea6fbffcd82758eec12a96c64e682',NULL,NULL,'0','17797289806','01','2018-12-09 04:16:29','ADD'),(35,'20521384632478875648','30521384632806031360','liyongxi','928255095@qq.com',NULL,'cdfea6fbffcd82758eec12a96c64e682',NULL,NULL,'0','17797289806','01','2018-12-09 09:56:23','ADD'),(36,'20521384655455272960','30521384655744679936','zhangshan','928255095@qq.com',NULL,'cdfea6fbffcd82758eec12a96c64e682',NULL,NULL,'0','17797289806','01','2018-12-09 09:56:28','ADD'),(37,'20521384680210055168','30521384680415576064','lisi','928255095@qq.com',NULL,'cdfea6fbffcd82758eec12a96c64e682',NULL,NULL,'0','17797289806','01','2018-12-09 09:56:34','ADD'),(38,'20521384772962893824','30521384773189386240','wangmazi','928255095@qq.com',NULL,'cdfea6fbffcd82758eec12a96c64e682',NULL,NULL,'0','17797289806','01','2018-12-09 09:56:56','ADD'),(39,'20521384859759820800','30521384859990507520','吴学文','928255095@qq.com',NULL,'cdfea6fbffcd82758eec12a96c64e682',NULL,NULL,'0','17797289806','01','2018-12-09 09:57:17','ADD'),(40,'20521388278868361216','30521388279069687808','吴学文1','928255095@qq.com',NULL,'cdfea6fbffcd82758eec12a96c64e682',NULL,NULL,'0','17797289806','01','2018-12-09 10:10:52','ADD'),(41,'20521388292466294784','30521388292680204288','吴学文2','928255095@qq.com',NULL,'cdfea6fbffcd82758eec12a96c64e682',NULL,NULL,'0','17797289806','01','2018-12-09 10:10:55','ADD'),(42,'20521388308534673408','30521388308752777216','吴学文3','928255095@qq.com',NULL,'cdfea6fbffcd82758eec12a96c64e682',NULL,NULL,'0','17797289806','01','2018-12-09 10:10:59','ADD'),(43,'20521388322648506368','30521388322879193088','吴学文4','928255095@qq.com',NULL,'cdfea6fbffcd82758eec12a96c64e682',NULL,NULL,'0','17797289806','01','2018-12-09 10:11:03','ADD'),(44,'20521388335667625984','30521388335978004480','吴学文5','928255095@qq.com',NULL,'cdfea6fbffcd82758eec12a96c64e682',NULL,NULL,'0','17797289806','01','2018-12-09 10:11:06','ADD'),(45,'20521470366867013632','30521470367152226304','王永梅','406943871@qq.com','青海省西宁市城中区申宁路6号','cdfea6fbffcd82758eec12a96c64e682',NULL,NULL,'1','17797173943','01','2018-12-09 15:37:03','ADD'),(46,'20521470728747368448','30521470728940306432','张三丰','123456@qq.com','','cdfea6fbffcd82758eec12a96c64e682',NULL,NULL,'0','18987898111','01','2018-12-09 15:38:30','ADD'),(47,'20521470972776169472','30521470972990078976','李玉刚','0908777@qq.com','','cdfea6fbffcd82758eec12a96c64e682',NULL,NULL,'1','18987164563','01','2018-12-09 15:39:28','ADD'),(48,'20521471733417394176','30521471733694218240','张学良','9088@qq.com','东北老爷们山','cdfea6fbffcd82758eec12a96c64e682',NULL,NULL,'0','17797173945','01','2018-12-09 15:42:29','ADD'),(49,'20521472810674044928','30521472810921508864','qhadmin','',NULL,'cdfea6fbffcd82758eec12a96c64e682',NULL,NULL,'0','17797173940','00','2018-12-09 15:46:46','ADD'),(50,'20521692192004128768','30521125069510950912','wuxw','928255095@qq.com',NULL,'cdfea6fbffcd82758eec12a96c64e682',NULL,NULL,'0','17797289806','01','2018-12-10 06:18:31','DEl'),(51,'20521692260908154880','30521299095785062400','wangym','928255095@qq.com',NULL,'cdfea6fbffcd82758eec12a96c64e682',NULL,NULL,'0','17797289806','01','2018-12-10 06:18:47','DEl'),(52,'20521692315283111936','30521299095785062400','wangym','928255095@qq.com',NULL,'cdfea6fbffcd82758eec12a96c64e682',NULL,NULL,'0','17797289806','01','2018-12-10 06:19:00','ADD'),(53,'20521692341828861952','30521125069510950912','wuxw','928255095@qq.com',NULL,'cdfea6fbffcd82758eec12a96c64e682',NULL,NULL,'0','17797289806','01','2018-12-10 06:19:06','ADD'),(54,'20521692506895695872','30521125069510950912','wuxw','928255095@qq.com',NULL,'cdfea6fbffcd82758eec12a96c64e682',NULL,NULL,'0','17797289806','01','2018-12-10 06:19:46','DEl'),(55,'20521692649367814144','30521125069510950912','wuxw','928255095@qq.com',NULL,'cdfea6fbffcd82758eec12a96c64e682',NULL,NULL,'0','17797289806','01','2018-12-10 06:20:20','ADD'),(56,'20522549147056750592','30522549147283243008','张事假','928255095@qq.com','','cdfea6fbffcd82758eec12a96c64e682',NULL,NULL,'0','18997089471','01','2018-12-12 15:03:45','ADD'),(57,'20523565515797446656','30523565516132990976','jiejie','jiejie@qq.com','','cdfea6fbffcd82758eec12a96c64e682',NULL,NULL,'1','17797173948','01','2018-12-15 10:22:26','ADD'),(58,'202019020200000002','3020190202000001','吴梓豪','928255094@qq.com','青海省','cdfea6fbffcd82758eec12a96c64e682',NULL,NULL,'0','17797173942','01','2019-02-02 13:40:27','ADD'),(59,'202019020200000003','3020190202000001','吴梓豪','928255094@qq.com','青海省','cdfea6fbffcd82758eec12a96c64e682',NULL,NULL,'0','17797173942','01','2019-02-02 14:00:35','DEl'),(60,'202019020300000003','30521388308752777216','吴学文3','928255095@qq.com',NULL,'cdfea6fbffcd82758eec12a96c64e682',NULL,NULL,'0','17797289806','01','2019-02-02 16:00:09','DEl'),(61,'202019021000000009','3020190210000001','吴学文89','928255095@qq.com',NULL,'cdfea6fbffcd82758eec12a96c64e682',NULL,NULL,'0','17797289807','01','2019-02-09 16:57:52','ADD'),(62,'202019021070180002','3020190210000002','吴学文90','928255095@qq.com',NULL,'cdfea6fbffcd82758eec12a96c64e682',NULL,NULL,'0','17797289807','01','2019-02-09 17:17:48','ADD'),(63,'202019021058060004','3020190210000003','吴学文91','928255095@qq.com',NULL,'cdfea6fbffcd82758eec12a96c64e682',NULL,NULL,'0','17797289807','01','2019-02-09 17:23:15','ADD'),(64,'202019021001030002','30521384632806031360','liyongxi','928255095@qq.com',NULL,'cdfea6fbffcd82758eec12a96c64e682',NULL,NULL,'0','17797289806','01','2019-02-10 14:35:39','DEl'),(65,'202019021096440004','30521384632806031360','liyongxi','928255095@qq.com',NULL,'cdfea6fbffcd82758eec12a96c64e682',NULL,NULL,'0','17797289806','01','2019-02-10 14:35:54','ADD'),(66,'202019021059530006','302019021030610001','张时强','wuxw7@www.com','甘肃省金昌市','cdfea6fbffcd82758eec12a96c64e682',NULL,NULL,'0','18909789184','01','2019-02-10 14:37:01','ADD'),(67,'202019021067580008','302019021020990002','cc789','',NULL,'bd06b3bdf498d5fecd1f83964c925750',NULL,NULL,'0','18909871234','00','2019-02-10 14:38:23','ADD'),(68,'202019032344890002','302019032346330001','王五1123','928255095@qq.com',NULL,'ERCBHDUYFJDNDHDJDNDJDHDUDHDJDDKDK',NULL,NULL,'0','17797173948','00','2019-03-23 08:59:28','ADD'),(69,'202019032587620006','302019032517520003','zhangqq',NULL,NULL,'3b85f4fb07881869aae2fa7fb1994580',NULL,NULL,NULL,'18987095720','00','2019-03-25 08:30:52','ADD'),(70,'202019032531280008','302019032508330004','feitao',NULL,NULL,'515edae4c4a80249d6801a2015ccbd68',NULL,NULL,NULL,'17797173947','00','2019-03-25 08:34:56','ADD'),(71,'202019032517680010','302019032567920005','adminc',NULL,NULL,'90007ba81043076df2f241cebf95b18c',NULL,NULL,NULL,'17797173947','00','2019-03-25 15:55:33','ADD'),(72,'202019033083450005','302019033054910001','996icu',NULL,NULL,'e1b2ed71460529672e74f31a307bfe63',NULL,NULL,NULL,'18909780341','00','2019-03-30 08:34:54','ADD'),(73,'202019040291880002','302019040270260001','zhangx',NULL,NULL,'fe6eab9f2b73152fb8948c5446e553fd',NULL,NULL,NULL,'18909785209','00','2019-04-01 16:40:49','ADD'),(74,'202019040287710005','302019040265910001','zhangb',NULL,NULL,'360de47da6aff8bcace8fdbfc3c8076f',NULL,NULL,NULL,'17797173985','00','2019-04-01 17:00:43','ADD'),(75,'202019040270560002','302019040231400001','user1',NULL,NULL,'5b7ac7ba433dc0842fb8d3bc15e4b2aa',NULL,NULL,NULL,'18300862162','00','2019-04-02 09:57:46','ADD'),(76,'202019040256780002','302019040246120002','王志超1','928255095@qq.com','青海省西宁市','cdfea6fbffcd82758eec12a96c64e682',NULL,NULL,'0','18909783333','01','2019-04-02 11:36:44','ADD'),(77,'202019040314020002','302019040317140001','shishi','928255095@qq.com','西宁','cdfea6fbffcd82758eec12a96c64e682',NULL,NULL,'0','17797173944','01','2019-04-03 02:24:54','ADD'),(78,'202019040303420005','302019040366990002','任建宇1','7898@qq.com','西宁','cdfea6fbffcd82758eec12a96c64e682',NULL,NULL,'0','17797173989','01','2019-04-03 02:27:23','ADD'),(79,'202019040372460002','302019040367880001','zhichao','987898@qq.com','西宁市','5b7ac7ba433dc0842fb8d3bc15e4b2aa',NULL,NULL,'0','17797350001','01','2019-04-03 03:12:04','ADD'),(80,'202019040363750002','302019040317140001','shishi','928255095@qq.com','西宁','cdfea6fbffcd82758eec12a96c64e682',NULL,NULL,'0','17797173944','01','2019-04-03 07:45:36','DEl'),(81,'202019040363750002','302019040317140001','shishi1','9282550951@qq.com','西宁1',NULL,NULL,NULL,'1','17797173942','01','2019-04-03 07:45:36','ADD'),(82,'202019040335310002','302019040367880001','zhichao','987898@qq.com','西宁市','5b7ac7ba433dc0842fb8d3bc15e4b2aa',NULL,NULL,'0','17797350001','01','2019-04-03 08:09:49','DEl'),(83,'202019040335310002','302019040367880001','zhichao1','9878981@qq.com','西宁市1',NULL,NULL,NULL,'1','17797350002','01','2019-04-03 08:09:49','ADD'),(84,'202019040306710004','302019040356630001','王咏梅','406943871@qq.com','青海省西宁市','5b7ac7ba433dc0842fb8d3bc15e4b2aa',NULL,NULL,'1','17797154305','01','2019-04-03 14:50:56','ADD'),(85,'202019040304510007','302019040332500002','玉波','yubo@163.com','西双版纳','5b7ac7ba433dc0842fb8d3bc15e4b2aa',NULL,NULL,'1','17797173884','01','2019-04-03 14:51:56','ADD'),(86,'202019040339540010','302019040343530003','玉儿香','yuerxiang@163.com','西双版纳','5b7ac7ba433dc0842fb8d3bc15e4b2aa',NULL,NULL,'1','15597174306','01','2019-04-03 14:52:54','ADD'),(87,'202019040333220013','302019040356300004','布鲁漂','bulupiao@163.com','西双版纳','5b7ac7ba433dc0842fb8d3bc15e4b2aa',NULL,NULL,'0','18997096269','01','2019-04-03 14:53:47','ADD'),(88,'202019040313040016','302019040355650005','徐远达','xuyuanda@163.com','上海','5b7ac7ba433dc0842fb8d3bc15e4b2aa',NULL,NULL,'0','18909788448','01','2019-04-03 14:54:59','ADD'),(89,'202019040399500019','302019040339750006','徐浩宁','xuhaoning@163.com','上海','5b7ac7ba433dc0842fb8d3bc15e4b2aa',NULL,NULL,'0','18976544567','01','2019-04-03 14:55:54','ADD'),(90,'202019040469410022','302019040367880001','zhichao1','9878981@qq.com','西宁市1','5b7ac7ba433dc0842fb8d3bc15e4b2aa',NULL,NULL,'1','17797350002','01','2019-04-03 16:02:16','DEl'),(91,'202019040469410022','302019040367880001','zhichao2','9878981@qq.com','西宁市1',NULL,NULL,NULL,'1','17797350002','01','2019-04-03 16:02:16','ADD'),(92,'202019040458180024','302019040366990002','任建宇1','7898@qq.com','西宁','cdfea6fbffcd82758eec12a96c64e682',NULL,NULL,'0','17797173989','01','2019-04-03 16:04:30','DEl'),(93,'202019040458180024','302019040366990002','任建宇2','7898@qq.com','西宁',NULL,NULL,NULL,'0','17797173989','01','2019-04-03 16:04:30','ADD'),(94,'202019040427900003','302019040367880001','zhichao2','9878981@qq.com','西宁市1','5b7ac7ba433dc0842fb8d3bc15e4b2aa',NULL,NULL,'1','17797350002','01','2019-04-04 08:22:39','DEl'),(95,'202019040442220012','302019040367880001','zhichao2','9878981@qq.com','西宁市1','5b7ac7ba433dc0842fb8d3bc15e4b2aa',NULL,NULL,'1','17797350002','01','2019-04-04 08:39:35','DEl'),(96,'202019040445720015','302019040317140001','shishi1','9282550951@qq.com','西宁1','cdfea6fbffcd82758eec12a96c64e682',NULL,NULL,'1','17797173942','01','2019-04-04 08:39:58','DEl'),(97,'202019040434790017','302019040422250001','师延俊1','shiyj@163.com','城东区','5b7ac7ba433dc0842fb8d3bc15e4b2aa',NULL,NULL,'0','18907788888','01','2019-04-04 08:40:57','ADD'),(98,'202019040471000002','302019040481060001','罗比特','luobite@163.com','西双版纳','5b7ac7ba433dc0842fb8d3bc15e4b2aa',NULL,NULL,'1','18909786789','01','2019-04-04 14:24:57','ADD'),(99,'202019040585760005','302019040481060001','罗比特','luobite@163.com','西双版纳','5b7ac7ba433dc0842fb8d3bc15e4b2aa',NULL,NULL,'1','18909786789','01','2019-04-05 13:17:10','DEl'),(100,'202019040585760005','302019040481060001','罗比特1','luobite@163.com','西双版纳',NULL,NULL,NULL,'1','18909786789','01','2019-04-05 13:17:10','ADD'),(101,'202019041120660002','302019041110350001','zwff',NULL,NULL,'5b7ac7ba433dc0842fb8d3bc15e4b2aa',NULL,NULL,NULL,'15695200291','00','2019-04-11 08:07:54','ADD'),(102,'202019041340460005','30518940136629616640','wuxw','',NULL,'3ad352384261cbc2c7462210dbb3ce61',NULL,NULL,'0','17797173940','02','2019-04-13 04:50:25','DEl'),(103,'202019041801200002','302019041824320001','钟原','zongyuan@163.com','中国反恐特战队猎鹰组','5b7ac7ba433dc0842fb8d3bc15e4b2aa',NULL,NULL,'0','18909786666','01','2019-04-18 02:20:03','ADD'),(104,'202019042126440002','302019042192720001','毛彬彬','maobinbin@163.com','青海省西宁市城中区','5b7ac7ba433dc0842fb8d3bc15e4b2aa',NULL,NULL,'0','18909789999','01','2019-04-21 10:04:01','ADD'),(105,'202019042771400011','302019042771470001','q\'q\'q',NULL,NULL,'fbd7b2884b79aa4c9bc971911eaf31b7',NULL,NULL,NULL,'18909764563','00','2019-04-27 10:43:09','ADD'),(106,'202019042887970070','302019042846260005','孙悟空','sunwk@163.com','花果山水莲洞','5b7ac7ba433dc0842fb8d3bc15e4b2aa',NULL,NULL,'0','18907889800','01','2019-04-28 06:59:56','ADD'),(107,'202019051147830012','302019051126800001','hewei',NULL,NULL,'5b7ac7ba433dc0842fb8d3bc15e4b2aa',NULL,NULL,NULL,'15919163134','00','2019-05-11 13:41:21','ADD'),(108,'202019051151120014','302019051126240002','tom-01',NULL,NULL,'5b7ac7ba433dc0842fb8d3bc15e4b2aa',NULL,NULL,NULL,'13000000001','00','2019-05-11 13:48:20','ADD');

/*Table structure for table `business_user_address` */

DROP TABLE IF EXISTS `business_user_address`;

CREATE TABLE `business_user_address` (
  `address_id` varchar(30) NOT NULL COMMENT '地址ID',
  `b_id` varchar(30) NOT NULL COMMENT '业务Id',
  `user_id` varchar(30) NOT NULL COMMENT '用户ID',
  `tel` varchar(11) NOT NULL COMMENT '电话',
  `postal_code` varchar(10) NOT NULL COMMENT '邮政编码',
  `address` varchar(200) NOT NULL COMMENT '地址',
  `is_default` varchar(1) NOT NULL COMMENT '是否为默认地址 1，表示默认地址 0 或空不是默认地址',
  `create_time` timestamp NOT NULL DEFAULT CURRENT_TIMESTAMP COMMENT '创建时间',
  `operate` varchar(3) NOT NULL COMMENT '数据状态，添加ADD，修改MOD 删除DEL'
) ENGINE=InnoDB DEFAULT CHARSET=utf8;

/*Data for the table `business_user_address` */

/*Table structure for table `business_user_attr` */

DROP TABLE IF EXISTS `business_user_attr`;

CREATE TABLE `business_user_attr` (
  `b_id` varchar(30) NOT NULL COMMENT '订单ID',
  `attr_id` varchar(30) NOT NULL COMMENT '属性id',
  `user_id` varchar(30) NOT NULL COMMENT '用户ID',
  `spec_cd` varchar(12) NOT NULL COMMENT '规格id,参考spec表',
  `value` varchar(50) NOT NULL COMMENT '属性值',
  `create_time` timestamp NOT NULL DEFAULT CURRENT_TIMESTAMP COMMENT '创建时间',
  `operate` varchar(3) NOT NULL COMMENT '数据状态，添加ADD，修改MOD 删除DEL'
) ENGINE=InnoDB DEFAULT CHARSET=utf8;

/*Data for the table `business_user_attr` */

/*Table structure for table `business_user_credentials` */

DROP TABLE IF EXISTS `business_user_credentials`;

CREATE TABLE `business_user_credentials` (
  `credentials_id` varchar(30) NOT NULL COMMENT '证件ID',
  `b_id` varchar(30) NOT NULL COMMENT '业务Id',
  `user_id` varchar(30) NOT NULL COMMENT '用户ID',
  `credentials_cd` varchar(12) NOT NULL COMMENT '证件类型',
  `value` varchar(50) NOT NULL COMMENT '证件号码',
  `create_time` timestamp NOT NULL DEFAULT CURRENT_TIMESTAMP COMMENT '创建时间',
  `operate` varchar(3) NOT NULL COMMENT '数据状态，添加ADD，修改MOD 删除DEL'
) ENGINE=InnoDB DEFAULT CHARSET=utf8;

/*Data for the table `business_user_credentials` */

/*Table structure for table `business_user_tag` */

DROP TABLE IF EXISTS `business_user_tag`;

CREATE TABLE `business_user_tag` (
  `tag_id` varchar(30) NOT NULL COMMENT '打标ID',
  `b_id` varchar(30) NOT NULL COMMENT '业务Id',
  `user_id` varchar(30) NOT NULL COMMENT '用户ID',
  `tag_cd` varchar(12) NOT NULL COMMENT '标签编码,参考tag表',
  `remark` varchar(200) DEFAULT NULL COMMENT '备注',
  `create_time` timestamp NOT NULL DEFAULT CURRENT_TIMESTAMP COMMENT '创建时间',
  `operate` varchar(3) NOT NULL COMMENT '数据状态，添加ADD，修改MOD 删除DEL'
) ENGINE=InnoDB DEFAULT CHARSET=utf8;

/*Data for the table `business_user_tag` */

/*Table structure for table `c_mapping` */

DROP TABLE IF EXISTS `c_mapping`;

CREATE TABLE `c_mapping` (
  `id` int(11) NOT NULL AUTO_INCREMENT COMMENT 'id',
  `domain` varchar(50) NOT NULL COMMENT '域',
  `name` varchar(50) NOT NULL COMMENT '名称',
  `key` varchar(100) NOT NULL COMMENT 'key',
  `value` varchar(1000) NOT NULL COMMENT 'value',
  `remark` varchar(200) DEFAULT NULL COMMENT '描述',
  `create_time` timestamp NOT NULL DEFAULT CURRENT_TIMESTAMP COMMENT '创建时间',
  `status_cd` varchar(2) NOT NULL DEFAULT '0' COMMENT '数据状态，详细参考c_status表，0在用，1失效',
  PRIMARY KEY (`id`)
) ENGINE=InnoDB AUTO_INCREMENT=33 DEFAULT CHARSET=utf8;

/*Data for the table `c_mapping` */

insert  into `c_mapping`(`id`,`domain`,`name`,`key`,`value`,`remark`,`create_time`,`status_cd`) values (1,'DOMAIN.COMMON','日志开关','LOG_ON_OFF','OFF','日志开关','2018-11-14 13:28:44','0'),(2,'DOMAIN.COMMON','耗时开关','COST_TIME_ON_OFF','OFF','耗时开关','2018-11-14 13:28:44','0'),(3,'DOMAIN.COMMON','规则开关','RULE_ON_OFF','OFF','规则开关','2018-11-14 13:28:44','0'),(4,'DOMAIN.COMMON','不调规则服务的订单类型','NO_NEED_RULE_VALDATE_ORDER','Q','不调规则服务的订单类型','2018-11-14 13:28:44','0'),(5,'DOMAIN.COMMON','不保存订单信息','NO_SAVE_ORDER','Q,T','不保存订单信息','2018-11-14 13:28:44','0'),(6,'DOMAIN.COMMON','不用调用 下游系统的配置','NO_INVOKE_BUSINESS_SYSTEM','Q','不用调用 下游系统的配置(一般不存在这种情况，这里主要是在没有下游系统的情况下测试中心服务用)','2018-11-14 13:28:44','0'),(7,'DOMAIN.COMMON','不用调用 作废下游系统的配置','NO_INVALID_BUSINESS_SYSTEM','Q','不用调用 作废下游系统的配置 (一般不存在这种情况，这里主要是在没有下游系统的情况下测试中心服务用)','2018-11-14 13:28:44','0'),(8,'DOMAIN.COMMON','需要调用服务生成各个ID','NEED_INVOKE_SERVICE_GENERATE_ID','OFF','需要调用服务生成各个ID','2018-11-14 13:28:44','0'),(9,'DOMAIN.COMMON','公钥','PUBLIC_STRING','MIGfMA0GCSqGSIb3DQEBAQUAA4GNADCBiQKBgQDloKXSBA5+tP39uS8yi5RZOs6Jdrt0znRQetyXX2l/IUCi1x1QAMgoZbnEavmdZ5jOZN/T1WYFbt/VomXEHaTdStAiYm3DCnxxy5CMMyRKai0+6n4lLJQpUmnAQPFENrOV8b70gBSBVjUXksImgui5qYaNqX90pjEzcyq+6CugBwIDAQAB','公钥','2018-11-14 13:28:44','0'),(10,'DOMAIN.COMMON','私钥','PRIVATE_STRING','MIICdgIBADANBgkqhkiG9w0BAQEFAASCAmAwggJcAgEAAoGBAJbtQYV+VpWZvifoc0R11MyAfIyMGoJKHDrWQau7oxLHotDDJM80o7ea7oL2onaHWOXaybpUp5FpZgjuixYMhlQOA/VXosrJOGJhgNv0dAL6VVXxmjlg2UWqIEoyTS7IzF3BuQCqy2k9aT7mGiC0RYRpndTuwe/0DKwFx70dIIIrAgMBAAECgYBMNMHnqLIJWZa1Sd6hy6lGFP5ObROZg9gbMUH5d4XQnrKsHEyCvz6HH5ic0fGYTaDqdn1zMvllJ8XYbrIV0P8lvHr9/LCnoXessmf61hKZyTKi5ycNkiPHTjmJZCoVTQFprcNgYeVX4cvNsqB2zWwzoAk8bbdWY6X5jB6YEpfBmQJBANiO9GiBtw+T9h60MpyV1xhJKsx0eCvxRZcsDB1OLZvQ7dHnsHmh0xUBL2MraHKnQyxOlrIzOtyttxSTrQzwcM0CQQCyajkzxpF6EjrXWHYVHb3AXFSoz5krjOkLEHegYlGhx0gtytBNVwftCn6hqtaxCxKMp00ZJoXIxo8d9tQy4N7XAkBljnTT5bEBnzPWpk7t298pRnbJtvz8LoOiJ0fvHlCJN+uvemXqRJeGzC165kpvKj14M8q7+wZpoxWukqqe3MspAkAuFYHw/blV7p+EQDU//w6kQTUc5YKK3TrUwMwlgT/UqcTbDyf+0hwZ/jv3RkluMY35Br3DYU/tLFyLQNZOzgbBAkEApWARXVlleEYbv8dPUL+56S0ky1hZSuPfVOBda4V3p0q18LjcHIyYcVhKGqkpii5JgblaYyjUriNDisFalCp8jQ==','私钥','2018-11-14 13:28:44','0'),(11,'DOMAIN.COMMON','外部应用公钥','PUBLIC_STRING','MIGfMA0GCSqGSIb3DQEBAQUAA4GNADCBiQKBgQCW7UGFflaVmb4n6HNEddTMgHyMjBqCShw61kGru6MSx6LQwyTPNKO3mu6C9qJ2h1jl2sm6VKeRaWYI7osWDIZUDgP1V6LKyThiYYDb9HQC+lVV8Zo5YNlFqiBKMk0uyMxdwbkAqstpPWk+5hogtEWEaZ3U7sHv9AysBce9HSCCKwIDAQAB','外部应用公钥','2018-11-14 13:28:44','0'),(12,'DOMAIN.COMMON','外部应用私钥','PRIVATE_STRING','MIICdgIBADANBgkqhkiG9w0BAQEFAASCAmAwggJcAgEAAoGBAOWgpdIEDn60/f25LzKLlFk6zol2u3TOdFB63JdfaX8hQKLXHVAAyChlucRq+Z1nmM5k39PVZgVu39WiZcQdpN1K0CJibcMKfHHLkIwzJEpqLT7qfiUslClSacBA8UQ2s5XxvvSAFIFWNReSwiaC6Lmpho2pf3SmMTNzKr7oK6AHAgMBAAECgYEAlfR5FVNM2/X6QC0k408/i53Zru94r2j7kGsLj1bhoAHpIe502AAKtkboL5rkc6Rpp688dCvRug6T4gFxj8cEF7rOOU4CHqVCHUHa4sWSDL2Rg7pMbQOVB7PGmM4C/hEgXcwM6tmLiU3xkkQDrpgT1bPpAm7iwDx4HkZBv1naYnECQQDyk40+KDvyUgp/r1tKbkMLoQOAfTZPXy+HgeAkU3PCUTFQlvn2OU6Fsl3Yjlp6utxPVnd00DoPZ8qvx1falaeLAkEA8lWoIDgyYwnibv2fr3A715PkieJ0exKfLb5lSD9UIfGJ9s7oTcltl7pprykfSP46heWjScS7YJRZHPfqb1/Y9QJAJNUQqjJzv7yDSZX3t5p8ZaSiIn1gpLagQeQPg5SETCoF4eW6uI9FA/nsU/hxdpcu4oEPjFYdqr8owH31MgRtNwJAaE+6qPPHrJ3qnAAMJoZXG/qLG1cg8IEZh6U3D5xC6MGBs31ovWMBC5iwOTeoQdE8+7nXSb+nMHFq0m9cuEg3qQJAH4caPSQ9RjVOP9on+niy9b1mATbvurepIB95KUtaHLz1hpihCLR7dTwrz8JOitgFE75Wzt4a00GZYxnaq3jsjA==','外部应用私钥','2018-11-14 13:28:44','0'),(13,'DOMAIN.COMMON','默认KEY_SIZE','DEFAULT_DECRYPT_KEY_SIZE','2048','默认KEY_SIZE','2018-11-14 13:28:44','0'),(14,'DOMAIN.COMMON','中心服务地址','CENTER_SERVICE_URL','http://center-service/httpApi/service','中心服务地址','2018-11-14 13:28:44','0'),(15,'DOMAIN.COMMON','控制中心APP_ID','CONSOLE_SERVICE_APP_ID','8000418002','控制中心APP_ID','2018-11-14 13:28:44','0'),(16,'DOMAIN.COMMON','控制服务加密开关','KEY_CONSOLE_SERVICE_SECURITY_ON_OFF','ON','控制服务加密开关','2018-11-14 13:28:44','0'),(17,'DOMAIN.COMMON','控制服务鉴权秘钥','CONSOLE_SECURITY_CODE','WEBURFPKIFJUHNCJUEIKMKJUJHULSMNCHDY89KMC','控制服务鉴权秘钥','2018-11-14 13:28:44','0'),(18,'DOMAIN.COMMON','编码生成服务地址','CODE_PATH','http://code-service/codeApi/generate','编码生成服务地址','2018-11-14 13:28:44','0'),(19,'DOMAIN.COMMON','API服务地址','API_SERVICE_URL','http://api-service/api/#serviceCode#','API服务地址','2018-11-18 07:35:03','0'),(20,'DOMAIN.COMMON','员工默认密码','STAFF_DEFAULT_PASSWORD','123456','员工默认密码','2018-12-08 16:33:14','0'),(21,'DOMAIN.COMMON','用户服务地址','ORDER_USER_SERVICE_URL','http://user-service/userApi/service','用户服务地址','2019-02-08 13:51:33','0'),(22,'DOMAIN.COMMON','商户服务地址','ORDER_STORE_SERVICE_URL','http://store-service/storeApi/service','商户服务地址','2019-02-08 13:54:53','0'),(23,'DOMAIN.COMMON','商品服务地址','ORDER_SHOP_SERVICE_URL','http://shop-service/shopApi/service','商品服务地址','2019-02-08 13:57:57','0'),(24,'DOMAIN.COMMON','评价服务地址','ORDER_COMMENT_SERVICE_URL','http://comment-service/commentApi/service','评价服务地址','2019-02-08 14:00:56','0'),(25,'DOMAIN.COMMON','小区服务地址','ORDER_COMMUNITY_SERVICE_URL','http://community-service/communityApi/service','小区服务地址','2019-02-08 14:04:28','0'),(26,'DOMAIN.COMMON','物业服务地址','ORDER_PROPERTY_SERVICE_URL','http://property-service/propertyApi/service','物业服务地址','2019-02-08 14:07:09','0'),(27,'DOMAIN.COMMON','代理商服务地址','ORDER_AGENT_SERVICE_URL','http://agent-service/agentApi/service','代理商服务地址','2019-02-08 14:10:14','0'),(28,'DEFAULT_PRIVILEGE_ADMIN','物业对应的管理员权限组','800900000003','600201904002','物业对应的管理员权限组','2019-04-01 12:24:36','0'),(29,'DEFAULT_PRIVILEGE','物业对应的员工权限组','800900000003','600201904001','物业对应的员工权限组','2019-04-02 10:55:53','0'),(30,'STORE_TYPE_2_COMMUNITY_MEMBER_TYPE','商户类型对应小区成员类型映射','800900000003','390001200002','商户类型对应小区成员类型映射','2019-04-15 02:49:43','0'),(31,'COMMUNITY_MEMBER_AUDIT','物业入驻小区需要审核','390001200002','1000','物业入驻小区需要审核','2019-04-26 16:35:39','0'),(32,'COMMUNITY_MEMBER_AUDIT','物业入驻商户需要审核','390001200001','1000','物业入驻商户需要审核','2019-04-26 16:35:49','0');

/*Table structure for table `c_status` */

DROP TABLE IF EXISTS `c_status`;

CREATE TABLE `c_status` (
  `id` int(11) NOT NULL AUTO_INCREMENT COMMENT 'id',
  `status_cd` varchar(4) NOT NULL COMMENT '状态',
  `name` varchar(50) NOT NULL COMMENT '名称',
  `description` varchar(200) DEFAULT NULL COMMENT '描述',
  `create_time` timestamp NOT NULL DEFAULT CURRENT_TIMESTAMP COMMENT '创建时间',
  PRIMARY KEY (`id`),
  UNIQUE KEY `status_cd` (`status_cd`)
) ENGINE=InnoDB AUTO_INCREMENT=17 DEFAULT CHARSET=utf8;

/*Data for the table `c_status` */

insert  into `c_status`(`id`,`status_cd`,`name`,`description`,`create_time`) values (1,'1','无效的，不在用的','无效的，不在用的','2018-11-14 13:28:44'),(2,'0','有效的，在用的','有效的，在用的','2018-11-14 13:28:44'),(3,'S','保存成功','保存成功','2018-11-14 13:28:44'),(4,'D','作废订单','作废订单','2018-11-14 13:28:44'),(5,'E','错误订单','错误订单','2018-11-14 13:28:44'),(6,'NE','通知错误订单','通知错误订单','2018-11-14 13:28:44'),(7,'C','订单完成','订单完成','2018-11-14 13:28:44'),(8,'B','Business过程','Business过程','2018-11-14 13:28:44'),(9,'I','Instance过程','Instance过程','2018-11-14 13:28:44'),(10,'1000','入驻小区审核','入驻小区审核','2019-04-15 03:26:51'),(11,'2001','房屋已售','房屋已售','2019-04-17 03:10:48'),(12,'2002','房屋未售','房屋未售','2019-04-17 03:11:10'),(13,'1001','申请退出小区审核','申请退出小区审核','2019-04-18 07:46:14'),(14,'0000','审核完成','审核完成','2019-04-26 16:12:42'),(15,'2003','房屋出售已交定金','房屋出售已交定金','2019-05-09 05:45:00'),(16,'2004','房屋已出租','房屋已出租','2019-05-09 05:46:30');

/*Table structure for table `c_sub_comment` */

DROP TABLE IF EXISTS `c_sub_comment`;

CREATE TABLE `c_sub_comment` (
  `sub_comment_id` varchar(30) NOT NULL COMMENT '子评论ID',
  `comment_id` varchar(30) NOT NULL COMMENT '评论ID ',
  `b_id` varchar(30) NOT NULL COMMENT '订单ID',
  `parent_sub_comment_id` varchar(30) NOT NULL DEFAULT '-1' COMMENT '父 子评论ID 如果不是回复 写成-1',
  `sub_comment_type_cd` varchar(2) NOT NULL DEFAULT 'C' COMMENT '评论类型 C 评论 R 回复 A 追加',
  `comment_context` longtext NOT NULL COMMENT '评论内容',
  `month` int(11) NOT NULL COMMENT '月份',
  `create_time` timestamp NOT NULL DEFAULT CURRENT_TIMESTAMP COMMENT '创建时间',
  `status_cd` varchar(2) NOT NULL DEFAULT '0' COMMENT '数据状态，详细参考c_status表，S 保存，0, 在用 1失效',
  KEY `idx_sub_comment_b_id` (`b_id`),
  KEY `idx_sub_comment_comment_id` (`comment_id`),
  KEY `idx_sub_comment_parent_sub_comment_id` (`parent_sub_comment_id`)
) ENGINE=InnoDB DEFAULT CHARSET=utf8
/*!50100 PARTITION BY RANGE (`month`)
(PARTITION sub_comment_1 VALUES LESS THAN (2) ENGINE = InnoDB,
 PARTITION sub_comment_2 VALUES LESS THAN (3) ENGINE = InnoDB,
 PARTITION sub_comment_3 VALUES LESS THAN (4) ENGINE = InnoDB,
 PARTITION sub_comment_4 VALUES LESS THAN (5) ENGINE = InnoDB,
 PARTITION sub_comment_5 VALUES LESS THAN (6) ENGINE = InnoDB,
 PARTITION sub_comment_6 VALUES LESS THAN (7) ENGINE = InnoDB,
 PARTITION sub_comment_7 VALUES LESS THAN (8) ENGINE = InnoDB,
 PARTITION sub_comment_8 VALUES LESS THAN (9) ENGINE = InnoDB,
 PARTITION sub_comment_9 VALUES LESS THAN (10) ENGINE = InnoDB,
 PARTITION sub_comment_10 VALUES LESS THAN (11) ENGINE = InnoDB,
 PARTITION sub_comment_11 VALUES LESS THAN (12) ENGINE = InnoDB,
 PARTITION sub_comment_12 VALUES LESS THAN (13) ENGINE = InnoDB) */;

/*Data for the table `c_sub_comment` */

/*Table structure for table `c_sub_comment_attr` */

DROP TABLE IF EXISTS `c_sub_comment_attr`;

CREATE TABLE `c_sub_comment_attr` (
  `attr_id` varchar(30) NOT NULL COMMENT '属性id',
  `sub_comment_id` varchar(30) NOT NULL COMMENT '子评论ID',
  `b_id` varchar(30) NOT NULL COMMENT '订单ID',
  `spec_cd` varchar(12) NOT NULL COMMENT '规格id,参考spec表',
  `value` varchar(50) NOT NULL COMMENT '属性值',
  `month` int(11) NOT NULL COMMENT '月份',
  `create_time` timestamp NOT NULL DEFAULT CURRENT_TIMESTAMP COMMENT '创建时间',
  `status_cd` varchar(2) NOT NULL DEFAULT '0' COMMENT '数据状态，详细参考c_status表，S 保存，0, 在用 1失效',
  KEY `idx_sub_comment_attr_b_id` (`b_id`),
  KEY `idx_sub_comment_attr_sub_comment_id` (`sub_comment_id`),
  KEY `idx_sub_comment_attr_spec_cd` (`spec_cd`)
) ENGINE=InnoDB DEFAULT CHARSET=utf8
/*!50100 PARTITION BY RANGE (`month`)
(PARTITION sub_comment_attr_1 VALUES LESS THAN (2) ENGINE = InnoDB,
 PARTITION sub_comment_attr_2 VALUES LESS THAN (3) ENGINE = InnoDB,
 PARTITION sub_comment_attr_3 VALUES LESS THAN (4) ENGINE = InnoDB,
 PARTITION sub_comment_attr_4 VALUES LESS THAN (5) ENGINE = InnoDB,
 PARTITION sub_comment_attr_5 VALUES LESS THAN (6) ENGINE = InnoDB,
 PARTITION sub_comment_attr_6 VALUES LESS THAN (7) ENGINE = InnoDB,
 PARTITION sub_comment_attr_7 VALUES LESS THAN (8) ENGINE = InnoDB,
 PARTITION sub_comment_attr_8 VALUES LESS THAN (9) ENGINE = InnoDB,
 PARTITION sub_comment_attr_9 VALUES LESS THAN (10) ENGINE = InnoDB,
 PARTITION sub_comment_attr_10 VALUES LESS THAN (11) ENGINE = InnoDB,
 PARTITION sub_comment_attr_11 VALUES LESS THAN (12) ENGINE = InnoDB,
 PARTITION sub_comment_attr_12 VALUES LESS THAN (13) ENGINE = InnoDB) */;

/*Data for the table `c_sub_comment_attr` */

/*Table structure for table `c_sub_comment_photo` */

DROP TABLE IF EXISTS `c_sub_comment_photo`;

CREATE TABLE `c_sub_comment_photo` (
  `comment_photo_id` varchar(30) NOT NULL COMMENT '评论照片ID',
  `b_id` varchar(30) NOT NULL COMMENT '业务Id',
  `sub_comment_id` varchar(30) NOT NULL COMMENT '商店ID',
  `comment_photo_type_cd` varchar(12) NOT NULL DEFAULT 'S' COMMENT '评论照片类型,S 商品照片 M 商户ID',
  `photo` varchar(100) NOT NULL COMMENT '照片',
  `month` int(11) NOT NULL COMMENT '月份',
  `create_time` timestamp NOT NULL DEFAULT CURRENT_TIMESTAMP COMMENT '创建时间',
  `status_cd` varchar(2) NOT NULL DEFAULT '0' COMMENT '数据状态，详细参考c_status表，S 保存，0, 在用 1失效',
  KEY `idx_sub_comment_photo_b_id` (`b_id`),
  KEY `idx_sub_comment_photo_sub_comment_id` (`sub_comment_id`)
) ENGINE=InnoDB DEFAULT CHARSET=utf8
/*!50100 PARTITION BY RANGE (`month`)
(PARTITION sub_comment_photo_1 VALUES LESS THAN (2) ENGINE = InnoDB,
 PARTITION sub_comment_photo_2 VALUES LESS THAN (3) ENGINE = InnoDB,
 PARTITION sub_comment_photo_3 VALUES LESS THAN (4) ENGINE = InnoDB,
 PARTITION sub_comment_photo_4 VALUES LESS THAN (5) ENGINE = InnoDB,
 PARTITION sub_comment_photo_5 VALUES LESS THAN (6) ENGINE = InnoDB,
 PARTITION sub_comment_photo_6 VALUES LESS THAN (7) ENGINE = InnoDB,
 PARTITION sub_comment_photo_7 VALUES LESS THAN (8) ENGINE = InnoDB,
 PARTITION sub_comment_photo_8 VALUES LESS THAN (9) ENGINE = InnoDB,
 PARTITION sub_comment_photo_9 VALUES LESS THAN (10) ENGINE = InnoDB,
 PARTITION sub_comment_photo_10 VALUES LESS THAN (11) ENGINE = InnoDB,
 PARTITION sub_comment_photo_11 VALUES LESS THAN (12) ENGINE = InnoDB,
 PARTITION sub_comment_photo_12 VALUES LESS THAN (13) ENGINE = InnoDB) */;

/*Data for the table `c_sub_comment_photo` */

/*Table structure for table `community_member_type` */

DROP TABLE IF EXISTS `community_member_type`;

CREATE TABLE `community_member_type` (
  `id` int(11) NOT NULL AUTO_INCREMENT COMMENT 'id',
  `member_type_cd` varchar(12) NOT NULL COMMENT '编码',
  `name` varchar(50) NOT NULL COMMENT '名称',
  `description` varchar(200) DEFAULT NULL COMMENT '描述',
  `create_time` timestamp NOT NULL DEFAULT CURRENT_TIMESTAMP COMMENT '创建时间',
  PRIMARY KEY (`id`),
  UNIQUE KEY `member_type_cd` (`member_type_cd`)
) ENGINE=InnoDB AUTO_INCREMENT=5 DEFAULT CHARSET=utf8;

/*Data for the table `community_member_type` */

insert  into `community_member_type`(`id`,`member_type_cd`,`name`,`description`,`create_time`) values (1,'390001200001','商户关系','小区和商户之间关系','2018-12-17 04:07:21'),(2,'390001200002','物业关系','小区和物业之间关系','2018-12-17 04:08:16'),(3,'390001200003','代理商关系','小区和代理商之间关系','2018-12-17 04:08:34'),(4,'390001200004','小区楼','小区楼','2019-04-24 05:43:41');

/*Table structure for table `f_floor` */

DROP TABLE IF EXISTS `f_floor`;

CREATE TABLE `f_floor` (
  `floor_id` varchar(30) NOT NULL COMMENT '楼ID',
  `b_id` varchar(30) NOT NULL COMMENT '业务Id',
  `floor_num` varchar(12) NOT NULL COMMENT '楼编号',
  `name` varchar(100) NOT NULL COMMENT '小区楼名称',
  `user_id` varchar(30) NOT NULL COMMENT '用户ID',
  `remark` varchar(200) DEFAULT NULL COMMENT '备注',
  `create_time` timestamp NOT NULL DEFAULT CURRENT_TIMESTAMP COMMENT '创建时间',
  `status_cd` varchar(2) NOT NULL DEFAULT '0' COMMENT '数据状态，详细参考c_status表，S 保存，0, 在用 1失效',
  UNIQUE KEY `floor_id` (`floor_id`),
  UNIQUE KEY `idx_floor_id` (`floor_id`),
  KEY `idx_floor_b_id` (`b_id`)
) ENGINE=InnoDB DEFAULT CHARSET=utf8;

/*Data for the table `f_floor` */

insert  into `f_floor`(`floor_id`,`b_id`,`floor_num`,`name`,`user_id`,`remark`,`create_time`,`status_cd`) values ('732019042181450002','89861991919','01','1号楼','302019042192720001','填写具体值','2019-04-21 15:18:14','0'),('732019042188750002','89861991920','021','2号楼1','30518940136629616640','021','2019-04-21 15:21:36','0'),('732019042218110002','89861991925','003','3号楼01','302019042192720001',NULL,'2019-04-21 16:41:54','0'),('732019042237920003','89861991925','005','5号楼01','302019042192720001',NULL,'2019-04-21 16:41:54','0'),('732019042248530001','89861991923','004','4号楼01','302019042192720001',NULL,'2019-04-21 16:40:19','0'),('732019042644990001','202019042604660002','045','045','30518940136629616640','测试，必须成功','2019-04-26 09:53:42','0'),('732019042715940003','202019042731610008','22','22','30518940136629616640','22','2019-04-26 17:38:57','0'),('732019042773170001','202019042729460002','24','24','30518940136629616640','24','2019-04-26 17:30:55','0'),('732019042784130004','202019042711910013','023','23','30518940136629616640','测试','2019-04-27 11:56:56','0'),('732019042790640002','202019042775180005','21','21','30518940136629616640','21','2019-04-26 17:37:14','0'),('732019042893370001','202019042870220006','26','26','30518940136629616640','26','2019-04-28 09:53:54','1'),('732019042904050001','202019042908790002','40','40','30518940136629616640','40','2019-04-29 11:47:36','0'),('732019042905340004','202019042953870011','36','36','30518940136629616640','36','2019-04-29 09:22:28','0'),('732019042907570008','202019042910990023','38','38','30518940136629616640','38','2019-04-29 09:23:40','0'),('732019042908600001','202019042982100002','34','34','30518940136629616640','34','2019-04-29 09:14:52','0'),('732019042921980002','202019042976730005','33','33','30518940136629616640','33','2019-04-29 09:21:46','0'),('732019042925840006','202019042971980017','38','38','30518940136629616640','38','2019-04-29 09:22:55','0'),('732019042937750002','202019042900080005','42','42','30518940136629616640','42','2019-04-29 11:48:06','0'),('732019042937930001','202019042905090005','28','28','30518940136629616640','28','2019-04-28 17:19:24','1'),('732019042939210005','202019042978390014','37','37','30518940136629616640','37','2019-04-29 09:22:43','0'),('732019042954400007','202019042996460020','39','39','30518940136629616640','39','2019-04-29 09:23:08','0'),('732019042986310003','202019042927450008','32','32','30518940136629616640','32','2019-04-29 09:21:59','0');

/*Table structure for table `s_buy_shop` */

DROP TABLE IF EXISTS `s_buy_shop`;

CREATE TABLE `s_buy_shop` (
  `buy_id` varchar(30) NOT NULL COMMENT '购买ID',
  `b_id` varchar(30) NOT NULL COMMENT '业务Id',
  `shop_id` varchar(30) NOT NULL COMMENT '商品ID',
  `buy_count` decimal(10,0) NOT NULL DEFAULT '1' COMMENT '购买商品数',
  `month` int(11) NOT NULL COMMENT '月份',
  `create_time` timestamp NOT NULL DEFAULT CURRENT_TIMESTAMP COMMENT '创建时间',
  `status_cd` varchar(2) NOT NULL DEFAULT '0' COMMENT '数据状态，详细参考c_status表，S 保存，0, 在用 1失效',
  UNIQUE KEY `buy_id` (`buy_id`,`month`),
  KEY `idx_buy_shop_b_id` (`b_id`)
) ENGINE=InnoDB DEFAULT CHARSET=utf8
/*!50100 PARTITION BY RANGE (`month`)
(PARTITION buy_shop_1 VALUES LESS THAN (2) ENGINE = InnoDB,
 PARTITION buy_shop_2 VALUES LESS THAN (3) ENGINE = InnoDB,
 PARTITION buy_shop_3 VALUES LESS THAN (4) ENGINE = InnoDB,
 PARTITION buy_shop_4 VALUES LESS THAN (5) ENGINE = InnoDB,
 PARTITION buy_shop_5 VALUES LESS THAN (6) ENGINE = InnoDB,
 PARTITION buy_shop_6 VALUES LESS THAN (7) ENGINE = InnoDB,
 PARTITION buy_shop_7 VALUES LESS THAN (8) ENGINE = InnoDB,
 PARTITION buy_shop_8 VALUES LESS THAN (9) ENGINE = InnoDB,
 PARTITION buy_shop_9 VALUES LESS THAN (10) ENGINE = InnoDB,
 PARTITION buy_shop_10 VALUES LESS THAN (11) ENGINE = InnoDB,
 PARTITION buy_shop_11 VALUES LESS THAN (12) ENGINE = InnoDB,
 PARTITION buy_shop_12 VALUES LESS THAN (13) ENGINE = InnoDB) */;

/*Data for the table `s_buy_shop` */

/*Table structure for table `s_buy_shop_attr` */

DROP TABLE IF EXISTS `s_buy_shop_attr`;

CREATE TABLE `s_buy_shop_attr` (
  `b_id` varchar(30) NOT NULL COMMENT '订单ID',
  `attr_id` varchar(30) NOT NULL COMMENT '属性id',
  `buy_id` varchar(30) NOT NULL COMMENT '购买ID buy_id',
  `spec_cd` varchar(12) NOT NULL COMMENT '规格id,参考spec表',
  `value` varchar(50) NOT NULL COMMENT '属性值',
  `month` int(11) NOT NULL COMMENT '月份',
  `create_time` timestamp NOT NULL DEFAULT CURRENT_TIMESTAMP COMMENT '创建时间',
  `status_cd` varchar(2) NOT NULL DEFAULT '0' COMMENT '数据状态，详细参考c_status表，S 保存，0, 在用 1失效',
  UNIQUE KEY `attr_id` (`attr_id`,`month`),
  KEY `idx_buy_shop_attr_b_id` (`b_id`),
  KEY `idx_buy_shop_attr_buy_id` (`buy_id`)
) ENGINE=InnoDB DEFAULT CHARSET=utf8
/*!50100 PARTITION BY RANGE (`month`)
(PARTITION buy_shop_attr_1 VALUES LESS THAN (2) ENGINE = InnoDB,
 PARTITION buy_shop_attr_2 VALUES LESS THAN (3) ENGINE = InnoDB,
 PARTITION buy_shop_attr_3 VALUES LESS THAN (4) ENGINE = InnoDB,
 PARTITION buy_shop_attr_4 VALUES LESS THAN (5) ENGINE = InnoDB,
 PARTITION buy_shop_attr_5 VALUES LESS THAN (6) ENGINE = InnoDB,
 PARTITION buy_shop_attr_6 VALUES LESS THAN (7) ENGINE = InnoDB,
 PARTITION buy_shop_attr_7 VALUES LESS THAN (8) ENGINE = InnoDB,
 PARTITION buy_shop_attr_8 VALUES LESS THAN (9) ENGINE = InnoDB,
 PARTITION buy_shop_attr_9 VALUES LESS THAN (10) ENGINE = InnoDB,
 PARTITION buy_shop_attr_10 VALUES LESS THAN (11) ENGINE = InnoDB,
 PARTITION buy_shop_attr_11 VALUES LESS THAN (12) ENGINE = InnoDB,
 PARTITION buy_shop_attr_12 VALUES LESS THAN (13) ENGINE = InnoDB) */;

/*Data for the table `s_buy_shop_attr` */

/*Table structure for table `s_community` */

DROP TABLE IF EXISTS `s_community`;

CREATE TABLE `s_community` (
  `community_id` varchar(30) NOT NULL COMMENT '小区ID',
  `b_id` varchar(30) NOT NULL COMMENT '业务Id',
  `name` varchar(100) NOT NULL COMMENT '小区名称',
  `address` varchar(200) NOT NULL COMMENT '小区地址',
  `nearby_landmarks` varchar(200) DEFAULT NULL COMMENT '地标，如王府井北60米',
  `city_code` varchar(12) NOT NULL COMMENT '根据定位获取城市编码',
  `map_x` varchar(20) NOT NULL COMMENT '地区 x坐标',
  `map_y` varchar(20) NOT NULL COMMENT '地区 y坐标',
  `create_time` timestamp NOT NULL DEFAULT CURRENT_TIMESTAMP COMMENT '创建时间',
  `status_cd` varchar(2) NOT NULL DEFAULT '0' COMMENT '数据状态，详细参考c_status表，S 保存，0, 在用 1失效',
  `state` varchar(4) DEFAULT '1000' COMMENT '审核状态',
  UNIQUE KEY `community_id` (`community_id`),
  UNIQUE KEY `idx_community_id` (`community_id`),
  KEY `idx_community_b_id` (`b_id`)
) ENGINE=InnoDB DEFAULT CHARSET=utf8;

/*Data for the table `s_community` */

insert  into `s_community`(`community_id`,`b_id`,`name`,`address`,`nearby_landmarks`,`city_code`,`map_x`,`map_y`,`create_time`,`status_cd`,`state`) values ('7020181217000001','1234567891','万博家博园（城西区）','青海省西宁市城中区129号','王府井旁30米','100010','101.801909','36.597263','2018-12-17 05:00:55','0','1000'),('7020181217000002','202019091989030006','格兰小镇(西宁)','青海省西宁市城中区申宁路6','安馨雅苑北100米','8630100','102.909090','','2019-04-15 14:45:02','0','1000'),('702019051614110008','202019091998190018','万博家博园（城V区）','青海省西宁市城中区129号','王府井旁30米','100010','101.801909','36.597263','2019-05-16 02:07:27','0','1100'),('702019051626540004','202019091915450004','万博家博园（城V区）','青海省西宁市城中区129号','王府井旁30米','100010','101.801909','36.597263','2019-05-16 02:36:57','0','1100'),('702019051636890002','202019091983360020','万博家博园（城V区）','青海省西宁市城中区129号','王府井旁30米','100010','101.801909','36.597263','2019-05-16 02:00:11','0','1100'),('702019051650000005','62234567891','万博家博园（城V区）','青海省西宁市城中区129号','王府井旁30米','100010','101.801909','36.597263','2019-05-16 02:05:13','0','1000'),('702019073109590004','202019091810360006','江林新城','西安市','子午大道南三环','0971','101.33','101.33','2019-07-31 05:24:43','0','1100'),('702019101101010002','202019101131300084','中南海紫光阁','天安门东侧','天安门','0971','101.33','101.33','2019-10-11 17:51:04','0','1100');

/*Table structure for table `s_community_attr` */

DROP TABLE IF EXISTS `s_community_attr`;

CREATE TABLE `s_community_attr` (
  `b_id` varchar(30) NOT NULL COMMENT '订单ID',
  `attr_id` varchar(30) NOT NULL COMMENT '属性id',
  `community_id` varchar(30) NOT NULL COMMENT '用户ID',
  `spec_cd` varchar(12) NOT NULL COMMENT '规格id,参考spec表',
  `VALUE` varchar(50) NOT NULL COMMENT '属性值',
  `create_time` timestamp NOT NULL DEFAULT CURRENT_TIMESTAMP COMMENT '创建时间',
  `status_cd` varchar(2) NOT NULL DEFAULT '0' COMMENT '数据状态，详细参考c_status表，S 保存，0, 在用 1失效',
  UNIQUE KEY `attr_id` (`attr_id`),
  KEY `idx_community_attr_b_id` (`b_id`),
  KEY `idx_attr_community_id` (`community_id`)
) ENGINE=InnoDB DEFAULT CHARSET=utf8;

/*Data for the table `s_community_attr` */

insert  into `s_community_attr`(`b_id`,`attr_id`,`community_id`,`spec_cd`,`VALUE`,`create_time`,`status_cd`) values ('1234567891','112018121700000002','7020181217000001','1001','01','2018-12-17 05:00:56','0'),('12323','112019041500000003','7020181217000001','100201904006','17797173942','2019-04-15 15:25:13','0'),('234234','112019041500000004','7020181217000002','100201904006','15897089471','2019-04-15 15:26:17','0'),('62234567891','112019051644260006','702019051650000005','1001','01','2019-05-16 02:05:13','0'),('92234567897','112019051647380002','702019051696930001','1001','01','2019-05-16 02:43:35','0'),('92234567896','112019051654920005','702019051626540004','1001','01','2019-05-16 02:36:57','0'),('52234567891','112019051660390003','702019051636890002','1001','01','2019-05-16 02:00:12','0'),('72234567891','112019051666470009','702019051614110008','1001','01','2019-05-16 02:07:27','0'),('92234567895','112019051677580002','702019051666020001','1001','01','2019-05-16 02:34:53','0');

/*Table structure for table `s_community_member` */

DROP TABLE IF EXISTS `s_community_member`;

CREATE TABLE `s_community_member` (
  `community_member_id` varchar(30) NOT NULL COMMENT 'ID',
  `b_id` varchar(30) NOT NULL COMMENT '业务Id',
  `community_id` varchar(30) NOT NULL COMMENT '小区ID',
  `member_id` varchar(50) NOT NULL COMMENT '成员ID',
  `member_type_cd` varchar(12) NOT NULL COMMENT '成员类型见 community_member_type表',
  `create_time` timestamp NOT NULL DEFAULT CURRENT_TIMESTAMP COMMENT '创建时间',
  `status_cd` varchar(4) NOT NULL,
  `audit_status_cd` varchar(4) NOT NULL DEFAULT '0000' COMMENT '审核状态',
  UNIQUE KEY `community_member_id` (`community_member_id`),
  KEY `idx_s_community_member_id` (`community_id`),
  KEY `idx_s_community_member_b_id` (`b_id`)
) ENGINE=InnoDB DEFAULT CHARSET=utf8;

/*Data for the table `s_community_member` */

insert  into `s_community_member`(`community_member_id`,`b_id`,`community_id`,`member_id`,`member_type_cd`,`create_time`,`status_cd`,`audit_status_cd`) values ('7220181217000001','202019041850040006','7020181217000001','402019032924930007','390001200002','2018-12-17 14:42:31','0','0000'),('7220181217000004','1234567894','7020181217000001','3456789','390001200001','2018-12-17 14:46:20','1','0000'),('722019041887470002','202019041891220004','7020181217000002','402019032924930007','390001200002','2019-04-18 07:09:21','1','1000'),('722019041887470003','202019041891220005','7020181217000001','732019042181450002','390001200004','2019-04-24 14:16:40','0','0000'),('722019041887470004','202019041891220006','7020181217000001','732019042188750002','390001200004','2019-04-24 16:54:19','0','0000'),('722019041887470005','202019041891220007','7020181217000001','732019042218110002','390001200004','2019-04-24 16:54:35','0','0000'),('722019042613970001','202019042677430003','7020181217000001','732019042644990001','390001200004','2019-04-26 09:53:42','0','0000'),('722019042615080005','202019042641830015','7020181217000001','732019042657550005','390001200004','2019-04-26 08:59:41','1000','0000'),('722019042619710003','202019042649120009','7020181217000001','732019042653880003','390001200004','2019-04-26 09:22:09','1000','0000'),('722019042626080001','202019042640630003','7020181217000001','732019042607010001','390001200004','2019-04-26 09:14:11','1000','0000'),('722019042647500001','202019042632530003','7020181217000001','732019042665380001','390001200004','2019-04-26 08:34:30','1000','0000'),('722019042658320003','202019042644750009','7020181217000001','732019042622070003','390001200004','2019-04-26 08:45:15','1000','0000'),('722019042667870002','202019042653890006','7020181217000001','732019042653170002','390001200004','2019-04-26 09:14:59','1000','0000'),('722019042683690002','202019042646640006','7020181217000001','732019042604640002','390001200004','2019-04-26 08:37:11','1000','0000'),('722019042695080004','202019042644760012','7020181217000001','732019042656310004','390001200004','2019-04-26 08:57:16','1000','0000'),('722019042699390004','202019042655970012','7020181217000001','732019042687750004','390001200004','2019-04-26 09:24:55','0','0000'),('722019042708930002','202019042776600004','7020181217000002','402019032924930007','390001200002','2019-04-26 16:59:32','1','1000'),('722019042735900003','202019042785490009','7020181217000001','732019042715940003','390001200004','2019-04-26 17:38:57','0','0000'),('722019042737600001','202019042750320003','7020181217000001','732019042773170001','390001200004','2019-04-26 17:30:56','0','0000'),('722019042774370002','202019042735920006','7020181217000001','732019042790640002','390001200004','2019-04-26 17:37:14','0','0000'),('722019042782690001','202019042723970002','7020181217000002','402019032924930007','390001200002','2019-04-26 16:59:00','1','1000'),('722019042785690004','202019042717160014','7020181217000001','732019042784130004','390001200004','2019-04-27 11:56:56','0','0000'),('722019042788240003','202019042799620006','7020181217000002','402019032924930007','390001200002','2019-04-26 17:05:01','0','1000'),('722019042851120001','202019042988310003','7020181217000001','732019042893370001','390001200004','2019-04-28 09:53:54','1001','0000'),('722019042921800006','202019042987920018','7020181217000001','732019042925840006','390001200004','2019-04-29 09:22:55','0','0000'),('722019042922660002','202019042921120006','7020181217000001','732019042921980002','390001200004','2019-04-29 09:21:47','0','0000'),('722019042933000001','202019042995080003','7020181217000001','732019042904050001','390001200004','2019-04-29 11:47:36','0','0000'),('722019042933990005','202019042915470015','7020181217000001','732019042939210005','390001200004','2019-04-29 09:22:43','0','0000'),('722019042940530008','202019042936100024','7020181217000001','732019042907570008','390001200004','2019-04-29 09:23:40','0','0000'),('722019042953950001','202019042971000003','7020181217000001','732019042908600001','390001200004','2019-04-29 09:14:52','0','0000'),('722019042956360001','202019042912540011','7020181217000001','732019042937930001','390001200004','2019-04-28 17:19:24','1001','0000'),('722019042960050007','202019042948530021','7020181217000001','732019042954400007','390001200004','2019-04-29 09:23:08','0','0000'),('722019042974160002','202019042970510006','7020181217000001','732019042937750002','390001200004','2019-04-29 11:48:06','0','0000'),('722019042983420003','202019042979290009','7020181217000001','732019042986310003','390001200004','2019-04-29 09:21:59','0','0000'),('722019042992290004','202019042945820012','7020181217000001','732019042905340004','390001200004','2019-04-29 09:22:28','0','0000'),('722019052691200001','202019052611510002','702019051621670004','402019032924930007','390001200002','2019-05-26 00:33:01','0','1000'),('722019052752930004','202019052781440022','702019051621670004','402019032924930007','390001200002','2019-05-27 03:49:01','0','1000'),('722019052963450006','202019052971770026','702019051621670004','402019032924930007','390001200002','2019-05-29 09:16:15','0','1000'),('722019052989180005','202019052983980024','702019051621670004','402019032924930007','390001200002','2019-05-29 01:06:30','0','1000'),('722019053176070008','202019053176570030','702019051621670004','402019032924930007','390001200002','2019-05-31 02:01:58','0','1000'),('722019060243130001','202019060243610008','702019051635110010','402019032924930007','390001200002','2019-06-02 05:27:03','0','1000'),('722019060408960001','202019060430620014','702019051621670004','402019032924930007','390001200002','2019-06-04 09:36:58','0','1000'),('722019060550710002','202019060548330007','702019051621670004','402019032924930007','390001200002','2019-06-05 10:41:47','0','1000'),('722019060553610001','202019060575570002','702019051621670004','402019032924930007','390001200002','2019-06-05 03:25:42','0','1000'),('722019060687500003','202019060669570006','702019051621670004','402019032924930007','390001200002','2019-06-05 16:39:09','0','1000'),('722019060691150001','202019060652360002','702019051621670004','402019032924930007','390001200002','2019-06-05 16:38:53','0','1000'),('722019061031170001','202019061062310010','702019051635110010','402019032924930007','390001200002','2019-06-10 14:56:09','0','1000'),('722019061207410002','202019061252300014','702019051635110010','402019032924930007','390001200002','2019-06-12 07:37:52','0','1000'),('722019061217810005','202019061258130024','702019051621670004','402019032924930007','390001200002','2019-06-12 07:38:32','0','1000'),('722019061281300004','202019061229120018','702019051621670004','402019032924930007','390001200002','2019-06-12 07:38:11','0','1000'),('722019061288020001','202019061257890004','702019051621670004','402019032924930007','390001200002','2019-06-12 03:16:06','0','1000'),('722019061299690006','202019061212260026','702019051635110010','402019032924930007','390001200002','2019-06-12 07:38:38','0','1000'),('722019061299940003','202019061236180016','702019051635110010','402019032924930007','390001200002','2019-06-12 07:38:05','0','1000'),('722019061306600002','202019061368270004','702019051635110010','402019032924930007','390001200002','2019-06-13 07:24:22','0','1000'),('722019061394610001','202019061350700002','702019051621670004','402019032924930007','390001200002','2019-06-13 07:24:12','0','1000'),('722019061513890001','202019061549050002','702019051635110010','402019032924930007','390001200002','2019-06-15 14:01:48','0','1000'),('722019061543040002','202019061538370004','702019051621670004','402019032924930007','390001200002','2019-06-15 14:01:56','0','1000'),('722019061869360004','202019061876850017','702019051621670004','402019032924930007','390001200002','2019-06-18 04:32:35','0','1000'),('722019061894320003','202019061843060015','702019051621670004','402019032924930007','390001200002','2019-06-18 04:32:31','0','1000'),('722019062001570003','202019062094010006','702019051621670004','402019032924930007','390001200002','2019-06-20 02:27:34','0','1000'),('722019062009060004','202019062020720010','702019051635110010','402019032924930007','390001200002','2019-06-20 05:07:15','0','1000'),('722019062033910001','202019062013740002','702019051621670004','402019032924930007','390001200002','2019-06-20 02:27:11','0','1000'),('722019062035720005','202019062022000012','702019051621670004','402019032924930007','390001200002','2019-06-20 05:07:20','0','1000'),('722019062065550002','202019062026530004','702019051635110010','402019032924930007','390001200002','2019-06-20 02:27:22','0','1000'),('722019062500650007','202019062569410025','702019051635110010','402019032924930007','390001200002','2019-06-25 14:24:42','0','1000'),('722019062527750001','202019062522390002','702019051621670004','402019032924930007','390001200002','2019-06-25 11:53:04','0','1000'),('722019062541720006','202019062530630023','702019051621670004','402019032924930007','390001200002','2019-06-25 14:24:34','0','1000'),('722019062543290002','202019062567610004','702019051621670004','402019032924930007','390001200002','2019-06-25 13:31:27','0','1000'),('722019062575230010','202019062585320033','702019051621670004','402019032924930007','390001200002','2019-06-25 15:07:09','0','1000'),('722019062582860009','202019062526510029','702019051635110010','402019032924930007','390001200002','2019-06-25 14:59:38','0','1000'),('722019062591150003','202019062563960006','702019051621670004','402019032924930007','390001200002','2019-06-25 13:33:23','0','1000'),('722019062594310008','202019062553690027','702019051621670004','402019032924930007','390001200002','2019-06-25 14:59:34','0','1000'),('722019062608410017','202019062613730074','702019051621670004','402019032924930007','390001200002','2019-06-26 04:38:00','0','1000'),('722019062612970019','202019062608270078','702019051621670004','402019032924930007','390001200002','2019-06-26 06:15:13','0','1000'),('722019062616660026','202019062667160100','702019051621670004','402019032924930007','390001200002','2019-06-26 08:49:19','0','1000'),('722019062619870030','202019062625680112','702019051621670004','402019032924930007','390001200002','2019-06-26 09:43:38','0','1000'),('722019062627800023','202019062664240094','702019051621670004','402019032924930007','390001200002','2019-06-26 07:03:32','0','1000'),('722019062637240038','202019062680610161','702019051621670004','402019032924930007','390001200002','2019-06-26 14:48:56','0','1000'),('722019062639870039','202019062692100163','702019051635110010','402019032924930007','390001200002','2019-06-26 14:49:01','0','1000'),('722019062646790016','202019062614150062','702019051621670004','402019032924930007','390001200002','2019-06-26 04:14:58','0','1000'),('722019062646980020','202019062691450084','702019051621670004','402019032924930007','390001200002','2019-06-26 06:20:55','0','1000'),('722019062648210013','202019062637110051','702019051621670004','402019032924930007','390001200002','2019-06-26 01:08:51','0','1000'),('722019062648930011','202019062611920039','702019051621670004','402019032924930007','390001200002','2019-06-25 16:12:14','0','1000'),('722019062649820027','202019062619070106','702019051621670004','402019032924930007','390001200002','2019-06-26 09:16:42','0','1000'),('722019062654790022','202019062614950088','702019051621670004','402019032924930007','390001200002','2019-06-26 06:31:38','0','1000'),('722019062655760031','202019062600020123','702019051621670004','402019032924930007','390001200002','2019-06-26 10:47:03','0','1000'),('722019062661900018','202019062675500076','702019051635110010','402019032924930007','390001200002','2019-06-26 04:38:05','0','1000'),('722019062663230032','202019062678780125','702019051621670004','402019032924930007','390001200002','2019-06-26 11:04:26','0','1000'),('722019062664790028','202019062694110108','702019051635110010','402019032924930007','390001200002','2019-06-26 09:17:08','0','1000'),('722019062665690025','202019062673000098','702019051635110010','402019032924930007','390001200002','2019-06-26 07:07:40','0','1000'),('722019062666310040','202019062685760167','702019051621670004','402019032924930007','390001200002','2019-06-26 15:04:30','0','1000'),('722019062666330035','202019062676140141','702019051621670004','402019032924930007','390001200002','2019-06-26 12:19:54','0','1000'),('722019062668230029','202019062697910110','702019051621670004','402019032924930007','390001200002','2019-06-26 09:30:08','0','1000'),('722019062671640021','202019062659760086','702019051621670004','402019032924930007','390001200002','2019-06-26 06:30:11','0','1000'),('722019062672190012','202019062634170041','702019051635110010','402019032924930007','390001200002','2019-06-25 16:12:19','0','1000'),('722019062672500036','202019062669260151','702019051621670004','402019032924930007','390001200002','2019-06-26 12:20:08','0','1000'),('722019062673440015','202019062642740055','702019051621670004','402019032924930007','390001200002','2019-06-26 01:44:13','0','1000'),('722019062681430037','202019062604450155','702019051635110010','402019032924930007','390001200002','2019-06-26 12:21:09','0','1000'),('722019062681600033','202019062600610137','702019051621670004','402019032924930007','390001200002','2019-06-26 11:36:11','0','1000'),('722019062683430034','202019062609850139','702019051621670004','402019032924930007','390001200002','2019-06-26 11:50:36','0','1000'),('722019062699260024','202019062659130096','702019051621670004','402019032924930007','390001200002','2019-06-26 07:07:32','0','1000'),('722019062701030049','202019062758120232','702019051635110010','402019032924930007','390001200002','2019-06-27 05:55:40','0','1000'),('722019062706420045','202019062731550191','702019051621670004','402019032924930007','390001200002','2019-06-27 03:23:35','0','1000'),('722019062715270050','202019062786090234','702019051621670004','402019032924930007','390001200002','2019-06-27 06:23:00','0','1000'),('722019062717300041','202019062776320171','702019051635110010','402019032924930007','390001200002','2019-06-27 02:42:48','0','1000'),('722019062719270002','202019062775520008','702019051635110010','402019032924930007','390001200002','2019-06-27 09:30:18','0','1000'),('722019062723470052','202019062769620247','702019051621670004','402019032924930007','390001200002','2019-06-27 06:46:39','0','1000'),('722019062726700058','202019062719380265','702019051621670004','402019032924930007','390001200002','2019-06-27 07:09:22','0','1000'),('722019062726750047','202019062718490195','702019051621670004','402019032924930007','390001200002','2019-06-27 03:43:45','0','1000'),('722019062732540042','202019062779660185','702019051621670004','402019032924930007','390001200002','2019-06-27 03:23:22','0','1000'),('722019062743910043','202019062773330187','702019051635110010','402019032924930007','390001200002','2019-06-27 03:23:26','0','1000'),('722019062747420048','202019062702690230','702019051635110010','402019032924930007','390001200002','2019-06-27 05:55:33','0','1000'),('722019062751130004','202019062719120012','702019051635110010','402019032924930007','390001200002','2019-06-27 10:05:10','0','1000'),('722019062768480001','202019062746420002','702019051635110010','402019032924930007','390001200002','2019-06-27 08:45:38','0','1000'),('722019062768680003','202019062701330010','702019051621670004','402019032924930007','390001200002','2019-06-27 09:30:20','0','1000'),('722019062773180056','202019062743230261','702019051635110010','402019032924930007','390001200002','2019-06-27 07:09:16','0','1000'),('722019062784740057','202019062767130263','702019051635110010','402019032924930007','390001200002','2019-06-27 07:09:20','0','1000'),('722019062795810059','202019062770970271','702019051621670004','402019032924930007','390001200002','2019-06-27 07:31:27','0','1000'),('722019062799420044','202019062733480189','702019051621670004','402019032924930007','390001200002','2019-06-27 03:23:28','0','1000'),('722019062813710005','202019062846050014','702019051621670004','402019032924930007','390001200002','2019-06-27 16:10:48','0','1000'),('722019062824900014','202019062863890045','702019051621670004','400000000000000001','390001200000','2019-06-28 14:42:13','0','0000'),('722019062834090008','202019062809800021','702019051621670004','400000000000000001','390001200000','2019-06-28 01:23:09','0','0000'),('722019062841370012','202019062828630039','702019051621670004','402019032924930007','390001200002','2019-06-28 11:34:57','0','1000'),('722019062841500006','202019062873320016','702019051621670004','402019032924930007','390001200002','2019-06-28 01:02:49','0','1000'),('722019062855410007','202019062866830019','702019051621670004','400000000000000002','390001200005','2019-06-28 01:15:32','0','0000'),('722019062860810013','202019062832370043','702019051621670004','402019032924930007','390001200002','2019-06-28 12:40:55','0','1000'),('722019062891120010','202019062809160033','702019051621670004','400000000000000001','390001200000','2019-06-28 08:21:31','0','0000'),('722019062897590011','202019062844380037','702019051621670004','402019032924930007','390001200002','2019-06-28 09:41:01','0','1000'),('722019063000210018','202019063044740053','702019051621670004','400000000000000001','390001200000','2019-06-30 10:48:11','0','0000'),('722019063017660017','202019063002140051','702019051635110010','402019032924930007','390001200002','2019-06-30 04:37:06','0','1000'),('722019063018370015','202019063042340047','702019051621670004','400000000000000001','390001200000','2019-06-30 04:35:09','0','0000'),('722019063019280016','202019063087590049','702019051621670004','402019032924930007','390001200002','2019-06-30 04:36:58','0','1000'),('722019070168180020','202019070178410059','702019051621670004','402019032924930007','390001200002','2019-07-01 06:57:12','0','1000'),('722019070175190021','202019070133770061','702019051635110010','402019032924930007','390001200002','2019-07-01 06:57:16','0','1000'),('722019070179740019','202019070177170055','702019051621670004','402019062754960011','390001200003','2019-07-01 04:24:45','0','0000'),('722019070180450022','202019070132650067','702019051621670004','402019062754960011','390001200003','2019-07-01 07:52:23','0','0000'),('722019070244380024','202019070272230074','702019051621670004','402019032924930007','390001200002','2019-07-02 06:51:47','0','1000'),('722019070253920025','202019070238410076','702019051635110010','402019032924930007','390001200002','2019-07-02 06:52:02','0','1000'),('722019070270970026','202019070202380078','702019051621670004','402019062754960011','390001200003','2019-07-02 06:56:15','0','0000'),('722019070298580023','202019070219610072','702019051621670004','400000000000000001','390001200000','2019-07-02 00:10:52','0','0000'),('722019070351790027','202019070350530080','702019051621670004','400000000000000001','390001200000','2019-07-03 02:56:57','0','0000'),('722019070426770003','202019070401170006','702019051621670004','400000000000000001','390001200000','2019-07-04 14:08:36','0','0000'),('722019070438010002','202019070408900004','702019051621670004','400000000000000001','390001200000','2019-07-04 14:08:31','0','0000'),('722019070444840004','202019070403010008','702019051621670004','400000000000000001','390001200000','2019-07-04 14:09:03','0','0000'),('722019070467630005','202019070436920010','702019051621670004','402019032924930007','390001200002','2019-07-04 14:10:20','0','1000'),('722019070518390002','202019070560700004','702019051621670004','402019032924930007','390001200002','2019-07-05 02:19:20','0','1000'),('722019070520260006','202019070567830017','702019051621670004','402019032924930007','390001200002','2019-07-05 06:31:03','0','1000'),('722019070552470001','202019070508900002','702019051621670004','400000000000000001','390001200000','2019-07-05 01:53:05','0','0000'),('722019070556520003','202019070575020006','702019051635110010','402019032924930007','390001200002','2019-07-05 02:19:28','0','1000'),('722019070955930002','202019070971100004','702019051621670004','402019032924930007','390001200002','2019-07-09 03:53:07','0','1000'),('722019070985960001','202019070914870002','702019051621670004','402019032924930007','390001200002','2019-07-09 03:38:33','0','1000'),('722019071097150001','202019071039530008','702019051635110010','402019032924930007','390001200002','2019-07-10 14:36:21','0','1000'),('722019071119500002','202019071124190010','702019051621670004','402019032924930007','390001200002','2019-07-11 01:48:54','0','1000'),('722019071148540001','202019071113580002','702019051635110010','402019032924930007','390001200002','2019-07-11 07:43:28','0','1000'),('722019071179090004','202019071159210014','702019051635110010','402019062754960011','390001200003','2019-07-11 02:07:39','0','0000'),('722019071191720003','202019071174770012','702019051621670004','402019062754960011','390001200003','2019-07-11 02:07:33','0','0000'),('722019071220080004','202019071254100012','702019051621670004','402019032924930007','390001200002','2019-07-11 16:01:14','0','1000'),('722019071229210005','202019071276110014','702019051621670004','400000000000000002','390001200005','2019-07-12 01:50:02','0','0000'),('722019071243880006','202019071220400016','702019051621670004','402019032924930007','390001200002','2019-07-12 02:34:08','0','1000'),('722019071301710014','202019071389370038','702019051635110010','402019032924930007','390001200002','2019-07-13 15:02:34','0','1000'),('722019071314110008','202019071394370020','702019051621670004','400000000000000001','390001200000','2019-07-13 06:58:12','0','0000'),('722019071343860013','202019071381520036','702019051621670004','402019032924930007','390001200002','2019-07-13 14:56:01','0','1000'),('722019071350290012','202019071339230030','702019051635110010','400000000000000001','390001200000','2019-07-13 06:58:39','0','0000'),('722019071360930009','202019071340920022','702019051621670004','400000000000000001','390001200000','2019-07-13 06:58:15','0','0000'),('722019071391470010','202019071378710024','702019051621670004','400000000000000001','390001200000','2019-07-13 06:58:20','0','0000'),('722019071396920007','202019071323620018','702019051621670004','400000000000000001','390001200000','2019-07-13 06:58:06','0','0000'),('722019071425780019','202019071480880048','702019051635110010','402019032924930007','390001200002','2019-07-14 09:18:00','0','1000'),('722019071442370016','202019071475190042','702019051621670004','402019062754960011','390001200003','2019-07-14 07:52:48','0','0000'),('722019071473460018','202019071436280046','702019051621670004','402019032924930007','390001200002','2019-07-14 09:17:53','0','1000'),('722019071489750017','202019071452790044','702019051621670004','402019032924930007','390001200002','2019-07-14 09:17:48','0','1000'),('722019071492430015','202019071426330040','702019051621670004','402019062754960011','390001200003','2019-07-14 07:36:10','0','0000'),('722019071515510023','202019071594730059','702019051635110010','400000000000000002','390001200005','2019-07-15 09:30:30','0','0000'),('722019071596460022','202019071579400057','702019051621670004','400000000000000002','390001200005','2019-07-15 09:30:24','0','0000'),('722019071652480001','202019071687660002','702019051621670004','402019032924930007','390001200002','2019-07-16 14:04:46','0','1000'),('722019071786070001','202019071785260013','702019051621670004','402019032924930007','390001200002','2019-07-17 09:22:56','0','1000'),('722019071814560004','202019071809880021','702019051635110010','400000000000000001','390001200000','2019-07-18 06:09:52','0','0000'),('722019071826120005','202019071882890025','702019051621670004','402019032924930007','390001200002','2019-07-18 09:48:30','0','1000'),('722019071844410003','202019071892030019','702019051621670004','400000000000000001','390001200000','2019-07-18 03:06:31','0','0000'),('722019071856570002','202019071829970015','702019051621670004','402019032924930007','390001200002','2019-07-18 01:09:44','0','1000'),('722019071879230006','202019071876120031','702019051635110010','402019032924930007','390001200002','2019-07-18 09:48:53','0','1000'),('722019071901620007','202019071930370037','702019051621670004','402019032924930007','390001200002','2019-07-19 10:12:58','0','1000'),('722019071930190012','202019071926230047','702019051635110010','402019032924930007','390001200002','2019-07-19 11:52:30','0','1000'),('722019071953130008','202019071941380039','702019051635110010','402019032924930007','390001200002','2019-07-19 10:13:14','0','1000'),('722019071975680011','202019071981510045','702019051621670004','402019032924930007','390001200002','2019-07-19 11:52:19','0','1000'),('722019071982960010','202019071958180043','702019051635110010','402019032924930007','390001200002','2019-07-19 11:52:05','0','1000'),('722019071990710009','202019071950570041','702019051621670004','402019032924930007','390001200002','2019-07-19 11:52:01','0','1000'),('722019072095110014','202019072010690053','702019051621670004','402019032924930007','390001200002','2019-07-20 07:16:57','0','1000'),('722019072116890001','202019072133450002','702019051621670004','402019032924930007','390001200002','2019-07-21 06:08:17','0','1000'),('722019072347980003','202019072309560010','702019051621670004','400000000000000001','390001200000','2019-07-23 15:32:35','0','0000'),('722019072364460001','202019072395900002','702019051621670004','402019032924930007','390001200002','2019-07-23 02:58:32','0','1000'),('722019072480750001','202019072412570002','702019051621670004','402019032924930007','390001200002','2019-07-24 06:29:29','0','1000'),('722019072493120001','202019072475470002','702019051621670004','400000000000000001','390001200000','2019-07-24 09:43:56','0','0000'),('722019072514480001','202019072568340002','702019051621670004','402019062754960011','390001200003','2019-07-25 09:14:10','0','0000'),('722019072731330004','202019072781740009','702019051621670004','402019032924930007','390001200002','2019-07-27 13:23:14','0','1000'),('722019072744940001','202019072714440002','702019051621670004','402019062754960011','390001200003','2019-07-27 09:32:18','0','0000'),('722019072746970003','202019072721540007','702019051621670004','400000000000000002','390001200005','2019-07-27 12:52:01','0','0000'),('722019072942200005','202019072998190011','702019051621670004','400000000000000001','390001200000','2019-07-29 11:06:03','0','0000'),('722019073032700008','202019073059550022','702019051621670004','402019032924930007','390001200002','2019-07-30 11:53:30','0','1000'),('722019073075110006','202019073053740015','702019051621670004','402019032924930007','390001200002','2019-07-30 08:41:15','0','1000'),('722019073115880019','202019073118410072','702019051621670004','402019032924930007','390001200002','2019-07-31 10:30:39','0','1000'),('722019073116720011','202019073196910036','702019051621670004','400000000000000001','390001200000','2019-07-31 04:45:59','0','0000'),('722019073116780012','202019073157580038','702019051621670004','400000000000000001','390001200000','2019-07-31 04:46:07','0','0000'),('722019073121880010','202019073112320034','702019051621670004','402019032924930007','390001200002','2019-07-31 04:40:29','0','1000'),('722019073134820016','202019073163320050','702019073109590004','400000000000000001','800900000001','2019-07-31 05:24:43','0','0000'),('722019073145350013','202019073101370040','702019051635110010','400000000000000001','390001200000','2019-07-31 04:46:10','0','0000'),('722019073162040017','202019073113000051','702019073109590004','400000000000000002','800900000000','2019-07-31 05:24:43','0','0000'),('722019073189660020','202019073165270074','702019051621670004','402019032924930007','390001200002','2019-07-31 10:31:15','0','1000'),('722019073189930015','202019073124220049','702019073109590004','402019062754960011','390001200003','2019-07-31 05:24:43','0','0000'),('722019080105740001','202019080120680002','702019051621670004','402019032924930007','390001200002','2019-08-01 11:12:02','0','1000'),('722019080174210003','202019080131290006','702019051635110010','402019032924930007','390001200002','2019-08-01 11:12:17','0','1000'),('722019080180550002','202019080119950004','702019051635110010','402019032924930007','390001200002','2019-08-01 11:12:09','0','1000'),('722019080261330002','202019080272660008','702019051621670004','402019032924930007','390001200002','2019-08-02 06:13:40','0','1000'),('722019080407990004','202019080401440008','702019051635110010','400000000000000002','390001200005','2019-08-04 12:41:42','0','0000'),('722019080413840002','202019080477150004','702019051621670004','400000000000000001','390001200000','2019-08-04 06:39:57','0','0000'),('722019080419900001','202019080455780002','702019051621670004','402019032924930007','390001200002','2019-08-03 16:51:55','0','1000'),('722019080432850003','202019080453350006','702019051621670004','400000000000000001','390001200000','2019-08-04 07:26:40','0','0000'),('722019080568320005','202019080505370010','702019051621670004','402019062754960011','390001200003','2019-08-05 10:21:25','0','0000'),('722019080664600006','202019080643060012','702019051621670004','402019062754960011','390001200003','2019-08-06 02:49:19','0','0000'),('722019080877620007','202019080816770032','702019051621670004','400000000000000002','390001200005','2019-08-08 03:03:01','0','0000'),('722019080878650008','202019080883200034','702019051621670004','400000000000000002','390001200005','2019-08-08 03:03:10','0','0000'),('722019080911030014','202019080905650087','702019051635110010','400000000000000001','390001200000','2019-08-09 09:46:21','0','0000'),('722019080913070010','202019080923750061','702019051621670004','402019032924930007','390001200002','2019-08-09 06:27:20','0','1000'),('722019080945570009','202019080967350059','702019051621670004','402019032924930007','390001200002','2019-08-09 03:15:57','0','1000'),('722019080960980011','202019080926690063','702019051635110010','402019032924930007','390001200002','2019-08-09 06:27:24','0','1000'),('722019080994580013','202019080980170085','702019051621670004','400000000000000001','390001200000','2019-08-09 09:46:17','0','0000'),('722019081123540001','202019081119260002','702019051635110010','402019032924930007','390001200002','2019-08-11 02:35:17','0','1000'),('722019081206400008','202019081265390022','702019051621670004','402019032924930007','390001200002','2019-08-12 08:02:56','0','1000'),('722019081207520007','202019081215840020','702019051621670004','400000000000000002','390001200005','2019-08-12 06:30:44','0','0000'),('722019081208880005','202019081283660014','702019051621670004','402019032924930007','390001200002','2019-08-12 06:22:49','0','1000'),('722019081229300003','202019081263530010','702019051621670004','402019032924930007','390001200002','2019-08-12 06:22:32','0','1000'),('722019081272700009','202019081281410036','702019051621670004','402019032924930007','390001200002','2019-08-12 08:03:32','0','1000'),('722019081297290002','202019081229220008','702019051621670004','402019032924930007','390001200002','2019-08-12 04:07:45','0','1000'),('722019081298110004','202019081295900012','702019051621670004','402019032924930007','390001200002','2019-08-12 06:22:37','0','1000'),('722019081314870001','202019081378350002','702019051621670004','400000000000000002','390001200005','2019-08-13 12:16:41','0','0000'),('722019081347400002','202019081362950004','702019051621670004','400000000000000002','390001200005','2019-08-13 12:30:05','0','0000'),('722019081403140006','202019081492560014','702019051635110010','402019032924930007','390001200002','2019-08-14 07:10:51','0','1000'),('722019081409970005','202019081426880012','702019051621670004','402019032924930007','390001200002','2019-08-14 07:10:46','0','1000'),('722019081471310003','202019081423350006','702019051621670004','400000000000000001','390001200000','2019-08-14 06:48:13','0','0000'),('722019081475940004','202019081409660010','702019051635110010','400000000000000002','390001200005','2019-08-14 06:57:43','0','0000'),('722019081541950008','202019081515140025','702019051621670004','402019062754960011','390001200003','2019-08-15 08:07:55','0','0000'),('722019081716150001','202019081719850008','702019051621670004','402019032924930007','390001200002','2019-08-17 07:23:53','0','1000'),('722019081728140002','202019081775970018','702019051621670004','402019032924930007','390001200002','2019-08-17 09:20:22','0','1000'),('722019081767160001','202019081750320002','702019051621670004','402019032924930007','390001200002','2019-08-17 15:52:05','0','1000'),('722019081793250002','202019081703520004','702019051635110010','402019032924930007','390001200002','2019-08-17 15:52:12','0','1000'),('722019081821210004','202019081873790008','702019051621670004','402019032924930007','390001200002','2019-08-18 04:15:56','0','1000'),('722019081824280003','202019081898660006','702019051621670004','402019032924930007','390001200002','2019-08-17 20:30:32','0','1000'),('722019081892840005','202019081840610010','702019051621670004','402019032924930007','390001200002','2019-08-18 04:16:02','0','1000'),('722019081907940001','202019081966420002','702019051621670004','400000000000000001','390001200000','2019-08-19 00:50:26','0','0000'),('722019081925340004','202019081960330011','702019051621670004','402019032924930007','390001200002','2019-08-19 06:16:29','0','1000'),('722019081984300003','202019081947990009','702019051621670004','402019032924930007','390001200002','2019-08-19 06:15:32','0','1000'),('722019081989380001','202019081938220002','702019051621670004','402019032924930007','390001200002','2019-08-19 11:24:33','0','1000'),('722019081990270002','202019081931710004','702019051621670004','400000000000000001','390001200000','2019-08-19 00:50:35','0','0000'),('722019082006630003','202019082070710007','702019051621670004','402019032924930007','390001200002','2019-08-20 01:51:12','0','1000'),('722019082033410002','202019082021110005','702019051621670004','402019032924930007','390001200002','2019-08-20 01:51:07','0','1000'),('722019082076940004','202019082020340009','702019051621670004','400000000000000001','390001200000','2019-08-20 01:58:40','0','0000'),('722019082233190005','202019082229550017','702019051635110010','402019032924930007','390001200002','2019-08-22 08:50:19','0','1000'),('722019082261230001','202019082274550007','702019051621670004','400000000000000002','390001200005','2019-08-22 03:58:41','0','0000'),('722019082283870004','202019082254560015','702019051621670004','402019032924930007','390001200002','2019-08-22 08:50:15','0','1000'),('722019082285390003','202019082210720011','702019051621670004','400000000000000002','390001200005','2019-08-22 03:59:03','0','0000'),('722019082291030002','202019082249860009','702019051621670004','400000000000000002','390001200005','2019-08-22 03:58:50','0','0000'),('722019082403340007','202019082436620025','702019051635110010','400000000000000001','390001200000','2019-08-24 14:40:02','0','0000'),('722019082431460006','202019082431250023','702019051621670004','400000000000000001','390001200000','2019-08-24 14:39:51','0','0000'),('722019082614880002','202019082681710006','702019051635110010','402019032924930007','390001200002','2019-08-26 03:25:18','0','1000'),('722019082631290004','202019082619260016','702019051621670004','402019032924930007','390001200002','2019-08-26 08:49:45','0','1000'),('722019082637570005','202019082601790018','702019051635110010','402019032924930007','390001200002','2019-08-26 08:49:52','0','1000'),('722019082653920007','202019082682000023','702019051635110010','402019032924930007','390001200002','2019-08-26 08:50:04','0','1000'),('722019082671260003','202019082645890008','702019051621670004','400000000000000001','390001200000','2019-08-26 03:36:23','0','0000'),('722019082690970001','202019082605940002','702019051621670004','402019062754960011','390001200003','2019-08-26 02:25:31','0','0000'),('722019082914850008','202019082903220037','702019051621670004','402019032924930007','390001200002','2019-08-29 10:27:00','0','1000'),('722019083007450011','202019083067490043','702019051621670004','400000000000000001','390001200000','2019-08-30 08:29:14','0','0000'),('722019083041050012','202019083004680045','702019051635110010','400000000000000001','390001200000','2019-08-30 08:29:18','0','0000'),('722019083045600009','202019083000860039','702019051621670004','400000000000000001','390001200000','2019-08-30 07:31:15','0','0000'),('722019083099660010','202019083052980041','702019051635110010','400000000000000001','390001200000','2019-08-30 07:31:20','0','0000'),('722019083099880001','202019083056830002','702019051621670004','402019032924930007','390001200002','2019-08-30 12:08:55','0','1000'),('722019083106960003','202019083109480006','702019051635110010','402019032924930007','390001200002','2019-08-31 02:03:10','0','1000'),('722019083118300005','202019083106020010','702019051635110010','402019032924930007','390001200002','2019-08-31 02:41:10','0','1000'),('722019083138780004','202019083146160008','702019051621670004','402019032924930007','390001200002','2019-08-31 02:41:01','0','1000'),('722019083143560006','202019083115880012','702019051635110010','402019032924930007','390001200002','2019-08-31 02:41:30','0','1000'),('722019083155380002','202019083165030004','702019051621670004','402019032924930007','390001200002','2019-08-31 02:03:05','0','1000'),('722019090118520001','202019090137490002','702019051621670004','402019032924930007','390001200002','2019-09-01 04:37:19','0','1000'),('722019090147440004','202019090106860008','702019051621670004','400000000000000001','390001200000','2019-09-01 07:48:49','0','0000'),('722019090172580003','202019090152510006','702019051635110010','402019032924930007','390001200002','2019-09-01 07:32:02','0','1000'),('722019090180840002','202019090154780004','702019051635110010','402019032924930007','390001200002','2019-09-01 07:31:58','0','1000'),('722019090227600001','202019090288080002','702019051621670004','402019062754960011','390001200003','2019-09-02 07:39:17','0','0000'),('722019090248170003','202019090239560006','702019051635110010','402019062754960011','390001200003','2019-09-02 07:45:54','0','0000'),('722019090274460002','202019090273840004','702019051635110010','402019062754960011','390001200003','2019-09-02 07:39:22','0','0000'),('722019090456610001','202019090461130002','702019051621670004','402019032924930007','390001200002','2019-09-04 01:14:41','0','1000'),('722019090534500002','202019090587990008','702019051621670004','400000000000000001','390001200000','2019-09-05 13:59:46','0','0000'),('722019090627940006','202019090674280022','702019051621670004','402019032924930007','390001200002','2019-09-06 02:52:57','0','1000'),('722019090661290005','202019090669810016','702019051621670004','402019062754960011','390001200003','2019-09-06 02:21:05','0','0000'),('722019090666950003','202019090684890010','702019051621670004','400000000000000001','390001200000','2019-09-06 01:03:50','0','0000'),('722019090689790004','202019090612950012','702019051635110010','400000000000000001','390001200000','2019-09-06 01:03:56','0','0000'),('722019090930390002','202019090937700004','702019051621670004','400000000000000001','390001200000','2019-09-09 10:16:41','0','0000'),('722019090987840001','202019090936400002','702019051621670004','402019032924930007','390001200002','2019-09-09 07:27:59','0','1000'),('722019091033090001','202019091064480002','702019051621670004','402019032924930007','390001200002','2019-09-10 12:37:31','0','1000'),('722019091417460001','202019091419210002','702019051621670004','402019032924930007','390001200002','2019-09-14 10:46:13','0','1000'),('722019091423200002','202019091416910005','702019051621670004','402019032924930007','390001200002','2019-09-13 17:22:27','0','1000'),('722019091621650006','202019091693140026','702019051621670004','402019032924930007','390001200002','2019-09-16 14:43:07','0','1000'),('722019091635340002','202019091615100009','702019051621670004','402019091670210001','390001200005','2019-09-16 07:47:56','0','0000'),('722019091662210005','202019091679380024','702019051635110010','402019032924930007','390001200002','2019-09-16 14:42:59','0','1000'),('722019091696110003','202019091650820011','7020181217000002','402019091670210001','390001200005','2019-09-16 07:48:13','0','0000'),('722019091749620002','202019091720910008','702019051621670004','402019032924930007','390001200002','2019-09-17 06:45:59','0','1000'),('722019091759680003','202019091713450010','702019051635110010','402019032924930007','390001200002','2019-09-17 06:46:04','0','1000'),('722019091767400001','202019091772530006','702019051621670004','400000000000000001','390001200000','2019-09-17 05:41:07','0','0000'),('722019091771550004','202019091780240016','702019051621670004','400000000000000001','390001200000','2019-09-17 06:47:48','0','0000'),('722019101103090005','202019101182360080','702019101101010002','402019101133700002','390001200003','2019-10-11 17:51:04','0','1100'),('722019101124930007','202019101157620082','702019101101010002','400000000000000002','800900000000','2019-10-11 17:51:04','0','1100'),('722019101126760006','202019101184320081','702019101101010002','400000000000000001','800900000001','2019-10-11 17:51:04','0','1100');

/*Table structure for table `s_community_photo` */

DROP TABLE IF EXISTS `s_community_photo`;

CREATE TABLE `s_community_photo` (
  `community_photo_id` varchar(30) NOT NULL COMMENT '商户照片ID',
  `b_id` varchar(30) NOT NULL COMMENT '业务Id',
  `community_id` varchar(30) NOT NULL COMMENT '小区ID',
  `community_photo_type_cd` varchar(12) NOT NULL COMMENT '商户照片类型,T 门头照 I 内景照',
  `photo` varchar(100) NOT NULL COMMENT '照片',
  `create_time` timestamp NOT NULL DEFAULT CURRENT_TIMESTAMP COMMENT '创建时间',
  `status_cd` varchar(2) NOT NULL DEFAULT '0' COMMENT '数据状态，详细参考c_status表，S 保存，0, 在用 1失效',
  UNIQUE KEY `community_photo_id` (`community_photo_id`),
  KEY `idx_community_photo_b_id` (`b_id`),
  KEY `idx_community_photo_community_id` (`community_id`),
  KEY `idx_community_photo_community_photo_id` (`community_photo_id`)
) ENGINE=InnoDB DEFAULT CHARSET=utf8;

/*Data for the table `s_community_photo` */

insert  into `s_community_photo`(`community_photo_id`,`b_id`,`community_id`,`community_photo_type_cd`,`photo`,`create_time`,`status_cd`) values ('7120181217000003','1234567891','7020181217000001','T','12345678.jpg','2018-12-17 05:00:56','0'),('712019051648240007','62234567891','702019051650000005','T','12345678.jpg','2019-05-16 02:05:13','0'),('712019051670400010','72234567891','702019051614110008','T','12345678.jpg','2019-05-16 02:07:27','0'),('712019051678010006','92234567896','702019051626540004','T','12345678.jpg','2019-05-16 02:36:57','0'),('712019051684460003','92234567895','702019051666020001','T','12345678.jpg','2019-05-16 02:34:53','0'),('712019051696780004','52234567891','702019051636890002','T','12345678.jpg','2019-05-16 02:00:13','0');

/*Table structure for table `s_member_store` */

DROP TABLE IF EXISTS `s_member_store`;

CREATE TABLE `s_member_store` (
  `member_store_id` varchar(30) NOT NULL COMMENT 'ID',
  `b_id` varchar(30) NOT NULL COMMENT '业务Id',
  `store_id` varchar(30) NOT NULL COMMENT '商店ID',
  `member_id` varchar(50) NOT NULL COMMENT '商户成员ID',
  `create_time` timestamp NOT NULL DEFAULT CURRENT_TIMESTAMP COMMENT '创建时间',
  `status_cd` varchar(2) NOT NULL DEFAULT '0' COMMENT '数据状态，详细参考c_status表，S 保存，0, 在用 1失效',
  UNIQUE KEY `member_store_id` (`member_store_id`),
  KEY `idx_s_member_store_id` (`store_id`),
  KEY `idx_s_member_store_b_id` (`b_id`)
) ENGINE=InnoDB DEFAULT CHARSET=utf8;

/*Data for the table `s_member_store` */

insert  into `s_member_store`(`member_store_id`,`b_id`,`store_id`,`member_id`,`create_time`,`status_cd`) values ('900001','900001','123456','100001','2018-12-12 14:01:52','0');

/*Table structure for table `s_shop` */

DROP TABLE IF EXISTS `s_shop`;

CREATE TABLE `s_shop` (
  `shop_id` varchar(30) NOT NULL COMMENT '商品ID',
  `b_id` varchar(30) NOT NULL COMMENT '业务Id',
  `store_id` varchar(30) NOT NULL COMMENT '商店ID',
  `catalog_id` varchar(30) NOT NULL COMMENT '目录ID',
  `name` varchar(100) NOT NULL COMMENT '商品名称',
  `hot_buy` varchar(2) NOT NULL DEFAULT 'N' COMMENT '是否热卖 Y是 N否',
  `sale_price` decimal(10,2) NOT NULL COMMENT '商品销售价,再没有打折情况下显示',
  `open_shop_count` varchar(2) NOT NULL DEFAULT 'N' COMMENT '是否开启库存管理，默认N Y开启，N关闭，开启后界面显示数量，如果为0 则下架',
  `shop_count` decimal(10,0) NOT NULL DEFAULT '10000' COMMENT '商品库存',
  `start_date` date NOT NULL COMMENT '商品开始时间',
  `end_date` date NOT NULL COMMENT '商品结束时间',
  `create_time` timestamp NOT NULL DEFAULT CURRENT_TIMESTAMP COMMENT '创建时间',
  `status_cd` varchar(2) NOT NULL DEFAULT '0' COMMENT '数据状态，详细参考c_status表，S 保存，0, 在用 1失效',
  UNIQUE KEY `shop_id` (`shop_id`),
  UNIQUE KEY `idx_shop_shop_id` (`shop_id`),
  KEY `idx_store_b_id` (`b_id`)
) ENGINE=InnoDB DEFAULT CHARSET=utf8;

/*Data for the table `s_shop` */

/*Table structure for table `s_shop_attr` */

DROP TABLE IF EXISTS `s_shop_attr`;

CREATE TABLE `s_shop_attr` (
  `b_id` varchar(30) NOT NULL COMMENT '订单ID',
  `attr_id` varchar(30) NOT NULL COMMENT '属性id',
  `shop_id` varchar(30) NOT NULL COMMENT '商品ID',
  `spec_cd` varchar(12) NOT NULL COMMENT '规格id,参考spec表',
  `value` varchar(50) NOT NULL COMMENT '属性值',
  `create_time` timestamp NOT NULL DEFAULT CURRENT_TIMESTAMP COMMENT '创建时间',
  `status_cd` varchar(2) NOT NULL DEFAULT '0' COMMENT '数据状态，详细参考c_status表，S 保存，0, 在用 1失效',
  UNIQUE KEY `attr_id` (`attr_id`),
  KEY `idx_store_attr_b_id` (`b_id`),
  KEY `idx_shop_attr_shop_id` (`shop_id`)
) ENGINE=InnoDB DEFAULT CHARSET=utf8;

/*Data for the table `s_shop_attr` */

/*Table structure for table `s_shop_attr_param` */

DROP TABLE IF EXISTS `s_shop_attr_param`;

CREATE TABLE `s_shop_attr_param` (
  `attr_param_id` varchar(30) NOT NULL COMMENT '商品属性参数ID',
  `b_id` varchar(30) NOT NULL COMMENT '订单ID',
  `shop_id` varchar(30) NOT NULL COMMENT '商品ID',
  `spec_cd` varchar(12) NOT NULL COMMENT '规格id,参考spec表',
  `param` varchar(50) NOT NULL COMMENT '参数值',
  `create_time` timestamp NOT NULL DEFAULT CURRENT_TIMESTAMP COMMENT '创建时间',
  `status_cd` varchar(2) NOT NULL DEFAULT '0' COMMENT '数据状态，详细参考c_status表，S 保存，0, 在用 1失效',
  UNIQUE KEY `attr_param_id` (`attr_param_id`),
  KEY `idx_shop_attr_param_b_id` (`b_id`),
  KEY `idx_shop_attr_param_shop_id` (`shop_id`)
) ENGINE=InnoDB DEFAULT CHARSET=utf8;

/*Data for the table `s_shop_attr_param` */

/*Table structure for table `s_shop_catalog` */

DROP TABLE IF EXISTS `s_shop_catalog`;

CREATE TABLE `s_shop_catalog` (
  `catalog_id` varchar(30) NOT NULL COMMENT '目录ID',
  `b_id` varchar(30) NOT NULL COMMENT '业务Id',
  `store_id` varchar(30) NOT NULL COMMENT '商店ID',
  `name` varchar(100) NOT NULL COMMENT '目录名称',
  `level` varchar(2) NOT NULL COMMENT '目录等级',
  `parent_catalog_id` varchar(30) NOT NULL DEFAULT '-1' COMMENT '父目录ID，一级目录则写-1',
  `create_time` timestamp NOT NULL DEFAULT CURRENT_TIMESTAMP COMMENT '创建时间',
  `status_cd` varchar(2) NOT NULL DEFAULT '0' COMMENT '数据状态，详细参考c_status表，S 保存，0, 在用 1失效',
  UNIQUE KEY `catalog_id` (`catalog_id`),
  KEY `idx_shop_catalog_b_id` (`b_id`),
  KEY `idx_shop_catalog_store_id` (`store_id`),
  KEY `idx_shop_catalog_catalog_id` (`catalog_id`)
) ENGINE=InnoDB DEFAULT CHARSET=utf8;

/*Data for the table `s_shop_catalog` */

/*Table structure for table `s_shop_desc` */

DROP TABLE IF EXISTS `s_shop_desc`;

CREATE TABLE `s_shop_desc` (
  `shop_desc_id` varchar(30) NOT NULL COMMENT '商品描述ID',
  `shop_id` varchar(30) NOT NULL COMMENT '商品ID',
  `b_id` varchar(30) NOT NULL COMMENT '业务Id',
  `shop_describe` longtext NOT NULL COMMENT '商品描述',
  `create_time` timestamp NOT NULL DEFAULT CURRENT_TIMESTAMP COMMENT '创建时间',
  `status_cd` varchar(2) NOT NULL DEFAULT '0' COMMENT '数据状态，详细参考c_status表，S 保存，0, 在用 1失效',
  UNIQUE KEY `shop_desc_id` (`shop_desc_id`),
  KEY `idx_shop_desc_b_id` (`b_id`),
  KEY `idx_shop_desc_shop_id` (`shop_id`)
) ENGINE=InnoDB DEFAULT CHARSET=utf8;

/*Data for the table `s_shop_desc` */

/*Table structure for table `s_shop_photo` */

DROP TABLE IF EXISTS `s_shop_photo`;

CREATE TABLE `s_shop_photo` (
  `shop_photo_id` varchar(30) NOT NULL COMMENT '商品照片ID',
  `b_id` varchar(30) NOT NULL COMMENT '业务Id',
  `shop_id` varchar(30) NOT NULL COMMENT '商品ID',
  `shop_photo_type_cd` varchar(12) NOT NULL COMMENT '商品照片类型,L logo O 其他照片',
  `photo` varchar(100) NOT NULL COMMENT '照片',
  `create_time` timestamp NOT NULL DEFAULT CURRENT_TIMESTAMP COMMENT '创建时间',
  `status_cd` varchar(2) NOT NULL DEFAULT '0' COMMENT '数据状态，详细参考c_status表，S 保存，0, 在用 1失效',
  UNIQUE KEY `shop_photo_id` (`shop_photo_id`),
  KEY `idx_shop_photo_b_id` (`b_id`),
  KEY `idx_shop_photo_shop_id` (`shop_id`),
  KEY `idx_shop_photo_shop_photo_id` (`shop_photo_id`)
) ENGINE=InnoDB DEFAULT CHARSET=utf8;

/*Data for the table `s_shop_photo` */

/*Table structure for table `s_shop_preferential` */

DROP TABLE IF EXISTS `s_shop_preferential`;

CREATE TABLE `s_shop_preferential` (
  `shop_preferential_id` varchar(30) NOT NULL COMMENT '商品ID',
  `shop_id` varchar(30) NOT NULL COMMENT '商品ID',
  `b_id` varchar(30) NOT NULL COMMENT '业务Id',
  `original_price` decimal(10,2) NOT NULL COMMENT '商品销售价，再没有优惠的情况下和售价是一致的',
  `discount_rate` decimal(3,2) NOT NULL DEFAULT '1.00' COMMENT '商品打折率',
  `show_original_price` varchar(2) NOT NULL DEFAULT 'N' COMMENT '是否显示原价，Y显示，N 不显示',
  `preferential_start_date` date NOT NULL COMMENT '商品优惠开始时间',
  `preferential_end_date` date NOT NULL COMMENT '商品优惠结束时间',
  `create_time` timestamp NOT NULL DEFAULT CURRENT_TIMESTAMP COMMENT '创建时间',
  `status_cd` varchar(2) NOT NULL DEFAULT '0' COMMENT '数据状态，详细参考c_status表，S 保存，0, 在用 1失效',
  UNIQUE KEY `shop_preferential_id` (`shop_preferential_id`),
  KEY `idx_shop_preferential_b_id` (`b_id`),
  KEY `idx_shop_preferential_shop_id` (`shop_id`)
) ENGINE=InnoDB DEFAULT CHARSET=utf8;

/*Data for the table `s_shop_preferential` */

/*Table structure for table `s_store` */

DROP TABLE IF EXISTS `s_store`;

CREATE TABLE `s_store` (
  `store_id` varchar(30) NOT NULL COMMENT '商店ID',
  `b_id` varchar(30) NOT NULL COMMENT '业务Id',
  `user_id` varchar(30) NOT NULL COMMENT '用户ID',
  `name` varchar(100) NOT NULL COMMENT '店铺名称',
  `address` varchar(200) NOT NULL COMMENT '店铺地址',
  `tel` varchar(11) NOT NULL COMMENT '电话',
  `store_type_cd` varchar(12) DEFAULT NULL,
  `nearby_landmarks` varchar(200) DEFAULT NULL COMMENT '地标，如王府井北60米',
  `map_x` varchar(20) NOT NULL COMMENT '地区 x坐标',
  `map_y` varchar(20) NOT NULL COMMENT '地区 y坐标',
  `create_time` timestamp NOT NULL DEFAULT CURRENT_TIMESTAMP COMMENT '创建时间',
  `status_cd` varchar(2) NOT NULL DEFAULT '0' COMMENT '数据状态，详细参考c_status表，S 保存，0, 在用 1失效',
  UNIQUE KEY `store_id` (`store_id`),
  UNIQUE KEY `idx_store_store_id` (`store_id`),
  KEY `idx_store_b_id` (`b_id`)
) ENGINE=InnoDB DEFAULT CHARSET=utf8;

/*Data for the table `s_store` */

insert  into `s_store`(`store_id`,`b_id`,`user_id`,`name`,`address`,`tel`,`store_type_cd`,`nearby_landmarks`,`map_x`,`map_y`,`create_time`,`status_cd`) values ('100001','100001','30521125069510950912','小文小区代理公司','青海省西宁市城东区昆仑东路100号','13109785273','800900000002','城东区政府斜对面','','','2018-12-12 13:47:34','0'),('123456','123456','30521125069510950912','安鑫雅苑','青海省西宁市城中区神宁路28号','13109785273','800900000000','城东区政府斜对面','','','2018-12-12 13:37:52','0'),('402019032924930007','202019032924200010','30518940136629616640','小吴工作室','城南格兰小镇','17797173942','800900000003','青海','','','2019-03-29 14:21:41','0'),('402019032973010004','202019032981850008','123','齐天超时（王府井店）','青海省西宁市城中区129号','15897089471','M','王府井内','101.801909','36.597263','2019-03-29 14:13:26','0'),('402019033005920002','202019033072790004','123','齐天超时（王府井店）','青海省西宁市城中区129号','15897089471','M','王府井内','101.801909','36.597263','2019-03-30 05:32:16','0'),('402019033011430001','202019033046130002','30518940136629616640','齐天超时（王府井店）','青海省西宁市城中区129号','15897089471','M','王府井内','101.801909','36.597263','2019-03-30 08:04:39','0'),('402019033051590001','202019033063640004','123','齐天超时（王府井店）','青海省西宁市城中区129号','15897089471','M','王府井内','101.801909','36.597263','2019-03-30 05:56:23','0'),('402019033060910002','202019033011280002','30518940136629616640','齐天超时（王府井店）','青海省西宁市城中区129号','15897089471','M','王府井内','101.801909','36.597263','2019-03-30 07:47:24','0'),('402019033064560001','202019033033220002','123','齐天超时（王府井店）','青海省西宁市城中区129号','15897089471','M','王府井内','101.801909','36.597263','2019-03-30 06:51:24','0'),('402019033089200001','202019033072520002','30518940136629616640','齐天超时（王府井店）','青海省西宁市城中区129号','15897089471','M','王府井内','101.801909','36.597263','2019-03-30 08:31:29','0'),('402019033091620005','202019033076390007','302019033054910001','996icu公司','青海省西宁市城中区','17797173952','800900000004','中心广场','','','2019-03-30 08:37:31','0'),('402019040244100017','202019040281460010','302019040270260001','东方国信科技公司','青海省西宁市','18909798989','800900000003','青海移动公司','','','2019-04-01 16:48:29','0'),('402019040287010001','202019040234930002','302019040270260001','东方国信科技公司','青海省西宁市','18909798989','800900000003','青海移动公司','','','2019-04-01 16:57:22','0'),('402019040288380001','202019040289110004','302019040270260001','东方国信科技公司','青海省西宁市','18909798989','800900000003','青海移动公司','','','2019-04-01 16:43:01','0'),('402019040289200009','202019040231680007','302019040270260001','东方国信科技公司','青海省西宁市','18909798989','800900000003','青海移动公司','','','2019-04-01 16:45:06','0'),('402019040290830009','202019040243080007','302019040265910001','中心奥蛋','青海西宁市','17797173990','800900000003','青海','','','2019-04-01 17:02:38','0'),('402019041322840005','202019041327040005','30518940136629616640','齐天超时1（王府井店）','青海省西宁市城中区129号','15897089471','800900000003','王府井内','101.801909','36.597263','2019-04-13 15:12:27','0'),('402019041335090001','202019041317610002','30518940136629616640','齐天超时1（王府井店）','青海省西宁市城中区129号','15897089471','M','王府井内','101.801909','36.597263','2019-04-13 15:11:13','0'),('402019042800610081','202019042850210049','300019042192720001','xxx','xxx','17133858872','800900000001','xxx','','','2019-04-28 02:09:10','0'),('402019042817270113','202019042807020064','300019042192720001','xxx','xxx','17133858872','800900000001','xxx','','','2019-04-28 02:09:12','0'),('402019042817430126','202019042852920061','300019042192720001','xxx','xxx','17133858872','800900000001','xxx','','','2019-04-28 02:09:13','0'),('402019042825880088','202019042870660046','300019042192720001','xxx','xxx','17133858872','800900000001','xxx','','','2019-04-28 02:09:10','0'),('402019042831390033','202019042890620028','300019042192720001','xxx','xxx','17133858872','800900000001','xxx','','','2019-04-28 02:09:07','0'),('402019042832220017','202019042810810022','300019042192720001','xxx','xxx','17133858872','800900000001','xxx','','','2019-04-28 02:09:06','0'),('402019042844630001','202019042862250016','300019042192720001','xxx','xxx','17133858872','800900000001','xxx','','','2019-04-28 02:08:55','0'),('402019042859260049','202019042803330038','300019042192720001','xxx','xxx','17133858872','800900000001','xxx','','','2019-04-28 02:09:08','0'),('402019042861350065','202019042897110043','300019042192720001','xxx','xxx','17133858872','800900000001','xxx','','','2019-04-28 02:09:09','0'),('402019042869020136','202019042829820067','300019042192720001','xxx','xxx','17133858872','800900000001','xxx','','','2019-04-28 02:09:13','0'),('402019042871510025','202019042809150025','300019042192720001','xxx','xxx','17133858872','800900000001','xxx','','','2019-04-28 02:09:06','0'),('402019042873090105','202019042876120055','300019042192720001','xxx','xxx','17133858872','800900000001','xxx','','','2019-04-28 02:09:11','0'),('402019042877090067','202019042832720040','300019042192720001','xxx','xxx','17133858872','800900000001','xxx','','','2019-04-28 02:09:09','0'),('402019042890260121','202019042819410058','300019042192720001','xxx','xxx','17133858872','800900000001','xxx','','','2019-04-28 02:09:13','0'),('402019042891860097','202019042897550052','300019042192720001','xxx','xxx','17133858872','800900000001','xxx','','','2019-04-28 02:09:11','0'),('402019042892500040','202019042857010031','300019042192720001','xxx','xxx','17133858872','800900000001','xxx','','','2019-04-28 02:09:07','0'),('402019042892600053','202019042888600034','300019042192720001','xxx','xxx','17133858872','800900000001','xxx','','','2019-04-28 02:09:08','0'),('402019042896260009','202019042864170019','300019042192720001','xxx','xxx','17133858872','800900000001','xxx','','','2019-04-28 02:09:06','0');

/*Table structure for table `s_store_attr` */

DROP TABLE IF EXISTS `s_store_attr`;

CREATE TABLE `s_store_attr` (
  `b_id` varchar(30) NOT NULL COMMENT '订单ID',
  `attr_id` varchar(30) NOT NULL COMMENT '属性id',
  `store_id` varchar(30) NOT NULL COMMENT '用户ID',
  `spec_cd` varchar(12) NOT NULL COMMENT '规格id,参考spec表',
  `VALUE` varchar(50) NOT NULL COMMENT '属性值',
  `create_time` timestamp NOT NULL DEFAULT CURRENT_TIMESTAMP COMMENT '创建时间',
  `status_cd` varchar(2) NOT NULL DEFAULT '0' COMMENT '数据状态，详细参考c_status表，S 保存，0, 在用 1失效',
  UNIQUE KEY `attr_id` (`attr_id`),
  KEY `idx_store_attr_b_id` (`b_id`),
  KEY `idx_store_attr_store_id` (`store_id`)
) ENGINE=InnoDB DEFAULT CHARSET=utf8;

/*Data for the table `s_store_attr` */

insert  into `s_store_attr`(`b_id`,`attr_id`,`store_id`,`spec_cd`,`VALUE`,`create_time`,`status_cd`) values ('202019032981850008','112019032904350005','402019032973010004','1001','01','2019-03-29 14:13:26','0'),('202019032924200010','112019032930420009','402019032924930007','100201903002','55','2019-03-29 14:21:41','0'),('202019032924200010','112019032945350008','402019032924930007','100201903001','吴学文','2019-03-29 14:21:41','0'),('202019032924200010','112019032976770011','402019032924930007','100201903004','城中区派出所','2019-03-29 14:21:41','0'),('202019032924200010','112019032981460012','402019032924930007','100201903005','城南新区','2019-03-29 14:21:41','0'),('202019032924200010','112019032984510010','402019032924930007','100201903003','2019-09-31','2019-03-29 14:21:41','0'),('202019033076390007','112019033009530009','402019033091620005','100201903004','城中区法院','2019-03-30 08:37:31','0'),('202019033033220002','112019033011270002','402019033064560001','1001','01','2019-03-30 06:51:24','0'),('202019033076390007','112019033015820010','402019033091620005','100201903005','城中区','2019-03-30 08:37:31','0'),('202019033072520002','112019033028520002','402019033089200001','1001','01','2019-03-30 08:31:29','0'),('202019033072790004','112019033029610003','402019033005920002','1001','01','2019-03-30 05:32:16','0'),('202019033063640004','112019033030100002','402019033051590001','1001','01','2019-03-30 05:56:23','0'),('202019033011280002','112019033048910003','402019033060910002','1001','01','2019-03-30 07:47:24','0'),('202019033076390007','112019033049210008','402019033091620005','100201903003','2019-09-31','2019-03-30 08:37:31','0'),('202019033076390007','112019033074130006','402019033091620005','100201903001','吴少华','2019-03-30 08:37:31','0'),('202019033046130002','112019033074490002','402019033011430001','1001','01','2019-03-30 08:04:39','0'),('202019033076390007','112019033074710007','402019033091620005','100201903002','55','2019-03-30 08:37:31','0'),('202019040231680007','112019040202100014','402019040289200009','100201903005','软件类','2019-04-01 16:45:06','0'),('202019040281460010','112019040203120019','402019040244100017','100201903002','78','2019-04-01 16:48:29','0'),('202019040281460010','112019040203560018','402019040244100017','100201903001','张永强','2019-04-01 16:48:29','0'),('202019040243080007','112019040212430013','402019040290830009','100201903004','青海女子监狱','2019-04-01 17:02:38','0'),('202019040231680007','112019040216240012','402019040289200009','100201903003','2013-08-09','2019-04-01 16:45:06','0'),('202019040234930002','112019040217860006','402019040287010001','100201903005','软件类','2019-04-01 16:57:22','0'),('202019040231680007','112019040218590011','402019040289200009','100201903002','78','2019-04-01 16:45:06','0'),('202019040289110004','112019040223030003','402019040288380001','100201903002','78','2019-04-01 16:43:01','0'),('202019040281460010','112019040227250021','402019040244100017','100201903004','青海省法院','2019-04-01 16:48:29','0'),('202019040289110004','112019040233330006','402019040288380001','100201903005','软件类','2019-04-01 16:43:01','0'),('202019040289110004','112019040238070002','402019040288380001','100201903001','张永强','2019-04-01 16:43:01','0'),('202019040243080007','112019040238800011','402019040290830009','100201903002','2','2019-04-01 17:02:38','0'),('202019040234930002','112019040239380003','402019040287010001','100201903002','78','2019-04-01 16:57:22','0'),('202019040243080007','112019040241670012','402019040290830009','100201903003','2018-12-12','2019-04-01 17:02:38','0'),('202019040231680007','112019040242550010','402019040289200009','100201903001','张永强','2019-04-01 16:45:06','0'),('202019040231680007','112019040247160013','402019040289200009','100201903004','青海省法院','2019-04-01 16:45:06','0'),('202019040281460010','112019040256540020','402019040244100017','100201903003','2013-08-09','2019-04-01 16:48:29','0'),('202019040281460010','112019040261050022','402019040244100017','100201903005','软件类','2019-04-01 16:48:29','0'),('202019040234930002','112019040267790002','402019040287010001','100201903001','张永强','2019-04-01 16:57:22','0'),('202019040243080007','112019040270810014','402019040290830009','100201903005','经济开发区','2019-04-01 17:02:38','0'),('202019040234930002','112019040275090005','402019040287010001','100201903004','青海省法院','2019-04-01 16:57:22','0'),('202019040289110004','112019040284060005','402019040288380001','100201903004','青海省法院','2019-04-01 16:43:01','0'),('202019040234930002','112019040284120004','402019040287010001','100201903003','2013-08-09','2019-04-01 16:57:22','0'),('202019040243080007','112019040295150010','402019040290830009','100201903001','张啤酒','2019-04-01 17:02:38','0'),('202019040289110004','112019040295210004','402019040288380001','100201903003','2013-08-09','2019-04-01 16:43:01','0'),('202019041317610002','112019041378600002','402019041335090001','1001','01','2019-04-13 15:11:13','0'),('202019041327040005','112019041394890006','402019041322840005','1001','01','2019-04-13 15:12:27','0'),('202019042807020064','112019042800880114','402019042817270113','100201903001','xxx','2019-04-28 02:09:12','0'),('202019042897110043','112019042802080068','402019042861350065','100201903002','1000000','2019-04-28 02:09:09','0'),('202019042819410058','112019042802340125','402019042890260121','100201903004','xxx','2019-04-28 02:09:13','0'),('202019042850210049','112019042803300084','402019042800610081','100201903003','2019-04-28','2019-04-28 02:09:10','0'),('202019042890620028','112019042803750034','402019042831390033','100201903001','xxx','2019-04-28 02:09:07','0'),('202019042832720040','112019042807720075','402019042877090067','100201903004','xxx','2019-04-28 02:09:09','0'),('202019042829820067','112019042808070137','402019042869020136','100201903001','xxx','2019-04-28 02:09:13','0'),('202019042864170019','112019042808460014','402019042896260009','100201903005','xxx','2019-04-28 02:09:06','0'),('202019042803330038','112019042809950054','402019042859260049','100201903004','xxx','2019-04-28 02:09:08','0'),('202019042803330038','112019042809960052','402019042859260049','100201903003','2019-04-28','2019-04-28 02:09:08','0'),('202019042810810022','112019042811050020','402019042832220017','100201903003','2019-04-28','2019-04-28 02:09:06','0'),('202019042857010031','112019042811630043','402019042892500040','100201903003','2019-04-28','2019-04-28 02:09:07','0'),('202019042888600034','112019042812360057','402019042892600053','100201903002','1000000','2019-04-28 02:09:08','0'),('202019042810810022','112019042812790019','402019042832220017','100201903002','1000000','2019-04-28 02:09:06','0'),('202019042832720040','112019042816480073','402019042877090067','100201903003','2019-04-28','2019-04-28 02:09:09','0'),('202019042803330038','112019042816690056','402019042859260049','100201903005','xxx','2019-04-28 02:09:08','0'),('202019042870660046','112019042817230093','402019042825880088','100201903005','xxx','2019-04-28 02:09:10','0'),('202019042862250016','112019042818430002','402019042844630001','100201903001','xxx','2019-04-28 02:08:55','0'),('202019042890620028','112019042820130035','402019042831390033','100201903002','1000000','2019-04-28 02:09:07','0'),('202019042852920061','112019042821250133','402019042817430126','100201903005','xxx','2019-04-28 02:09:13','0'),('202019042809150025','112019042821350027','402019042871510025','100201903002','1000000','2019-04-28 02:09:07','0'),('202019042850210049','112019042821740086','402019042800610081','100201903005','xxx','2019-04-28 02:09:10','0'),('202019042897550052','112019042823110102','402019042891860097','100201903005','xxx','2019-04-28 02:09:11','0'),('202019042819410058','112019042827120127','402019042890260121','100201903005','xxx','2019-04-28 02:09:13','0'),('202019042897550052','112019042827550101','402019042891860097','100201903004','xxx','2019-04-28 02:09:11','0'),('202019042888600034','112019042828220059','402019042892600053','100201903003','2019-04-28','2019-04-28 02:09:08','0'),('202019042809150025','112019042829780028','402019042871510025','100201903003','2019-04-28','2019-04-28 02:09:07','0'),('202019042862250016','112019042833220004','402019042844630001','100201903003','2019-04-28','2019-04-28 02:08:55','0'),('202019042864170019','112019042833560013','402019042896260009','100201903004','xxx','2019-04-28 02:09:06','0'),('202019042864170019','112019042834630012','402019042896260009','100201903003','2019-04-28','2019-04-28 02:09:06','0'),('202019042876120055','112019042834970106','402019042873090105','100201903001','xxx','2019-04-28 02:09:11','0'),('202019042862250016','112019042835070006','402019042844630001','100201903005','xxx','2019-04-28 02:08:55','0'),('202019042876120055','112019042836850107','402019042873090105','100201903002','1000000','2019-04-28 02:09:11','0'),('202019042809150025','112019042839020030','402019042871510025','100201903005','xxx','2019-04-28 02:09:07','0'),('202019042897110043','112019042839980074','402019042861350065','100201903005','xxx','2019-04-28 02:09:09','0'),('202019042809150025','112019042840460026','402019042871510025','100201903001','xxx','2019-04-28 02:09:07','0'),('202019042803330038','112019042840820050','402019042859260049','100201903001','xxx','2019-04-28 02:09:08','0'),('202019042850210049','112019042842270082','402019042800610081','100201903001','xxx','2019-04-28 02:09:10','0'),('202019042852920061','112019042842980130','402019042817430126','100201903002','1000000','2019-04-28 02:09:13','0'),('202019042890620028','112019042847670037','402019042831390033','100201903004','xxx','2019-04-28 02:09:07','0'),('202019042807020064','112019042847750116','402019042817270113','100201903003','2019-04-28','2019-04-28 02:09:12','0'),('202019042870660046','112019042847940090','402019042825880088','100201903002','1000000','2019-04-28 02:09:10','0'),('202019042876120055','112019042848110108','402019042873090105','100201903003','2019-04-28','2019-04-28 02:09:11','0'),('202019042832720040','112019042849850071','402019042877090067','100201903002','1000000','2019-04-28 02:09:09','0'),('202019042807020064','112019042850250115','402019042817270113','100201903002','1000000','2019-04-28 02:09:12','0'),('202019042862250016','112019042850280003','402019042844630001','100201903002','1000000','2019-04-28 02:08:55','0'),('202019042864170019','112019042850310011','402019042896260009','100201903002','1000000','2019-04-28 02:09:06','0'),('202019042803330038','112019042852670051','402019042859260049','100201903002','1000000','2019-04-28 02:09:08','0'),('202019042897110043','112019042854370066','402019042861350065','100201903001','xxx','2019-04-28 02:09:09','0'),('202019042829820067','112019042854450141','402019042869020136','100201903005','xxx','2019-04-28 02:09:13','0'),('202019042852920061','112019042855700131','402019042817430126','100201903003','2019-04-28','2019-04-28 02:09:13','0'),('202019042819410058','112019042855890124','402019042890260121','100201903003','2019-04-28','2019-04-28 02:09:13','0'),('202019042810810022','112019042856300021','402019042832220017','100201903004','xxx','2019-04-28 02:09:06','0'),('202019042857010031','112019042857760044','402019042892500040','100201903004','xxx','2019-04-28 02:09:07','0'),('202019042832720040','112019042858360069','402019042877090067','100201903001','xxx','2019-04-28 02:09:09','0'),('202019042888600034','112019042858600061','402019042892600053','100201903005','xxx','2019-04-28 02:09:08','0'),('202019042829820067','112019042860250139','402019042869020136','100201903003','2019-04-28','2019-04-28 02:09:13','0'),('202019042888600034','112019042860770055','402019042892600053','100201903001','xxx','2019-04-28 02:09:08','0'),('202019042862250016','112019042863400005','402019042844630001','100201903004','xxx','2019-04-28 02:08:55','0'),('202019042819410058','112019042863870123','402019042890260121','100201903002','1000000','2019-04-28 02:09:13','0'),('202019042870660046','112019042864700091','402019042825880088','100201903003','2019-04-28','2019-04-28 02:09:10','0'),('202019042857010031','112019042864830045','402019042892500040','100201903005','xxx','2019-04-28 02:09:07','0'),('202019042897110043','112019042866510070','402019042861350065','100201903003','2019-04-28','2019-04-28 02:09:09','0'),('202019042852920061','112019042866850132','402019042817430126','100201903004','xxx','2019-04-28 02:09:13','0'),('202019042870660046','112019042868080092','402019042825880088','100201903004','xxx','2019-04-28 02:09:10','0'),('202019042876120055','112019042868410110','402019042873090105','100201903005','xxx','2019-04-28 02:09:11','0'),('202019042897550052','112019042868420100','402019042891860097','100201903003','2019-04-28','2019-04-28 02:09:11','0'),('202019042897550052','112019042868520098','402019042891860097','100201903001','xxx','2019-04-28 02:09:11','0'),('202019042857010031','112019042869250042','402019042892500040','100201903002','1000000','2019-04-28 02:09:07','0'),('202019042876120055','112019042872230109','402019042873090105','100201903004','xxx','2019-04-28 02:09:11','0'),('202019042810810022','112019042881220022','402019042832220017','100201903005','xxx','2019-04-28 02:09:06','0'),('202019042829820067','112019042883900138','402019042869020136','100201903002','1000000','2019-04-28 02:09:13','0'),('202019042897110043','112019042884780072','402019042861350065','100201903004','xxx','2019-04-28 02:09:09','0'),('202019042890620028','112019042885210038','402019042831390033','100201903005','xxx','2019-04-28 02:09:07','0'),('202019042832720040','112019042885450077','402019042877090067','100201903005','xxx','2019-04-28 02:09:09','0'),('202019042870660046','112019042886040089','402019042825880088','100201903001','xxx','2019-04-28 02:09:10','0'),('202019042857010031','112019042886390041','402019042892500040','100201903001','xxx','2019-04-28 02:09:07','0'),('202019042850210049','112019042886920085','402019042800610081','100201903004','xxx','2019-04-28 02:09:10','0'),('202019042852920061','112019042887550128','402019042817430126','100201903001','xxx','2019-04-28 02:09:13','0'),('202019042807020064','112019042889350118','402019042817270113','100201903005','xxx','2019-04-28 02:09:12','0'),('202019042809150025','112019042889780029','402019042871510025','100201903004','xxx','2019-04-28 02:09:07','0'),('202019042810810022','112019042890490018','402019042832220017','100201903001','xxx','2019-04-28 02:09:06','0'),('202019042897550052','112019042891650099','402019042891860097','100201903002','1000000','2019-04-28 02:09:11','0'),('202019042807020064','112019042892310117','402019042817270113','100201903004','xxx','2019-04-28 02:09:12','0'),('202019042850210049','112019042894130083','402019042800610081','100201903002','1000000','2019-04-28 02:09:10','0'),('202019042829820067','112019042894590140','402019042869020136','100201903004','xxx','2019-04-28 02:09:13','0'),('202019042864170019','112019042898920010','402019042896260009','100201903001','xxx','2019-04-28 02:09:06','0'),('202019042890620028','112019042899040036','402019042831390033','100201903003','2019-04-28','2019-04-28 02:09:07','0'),('202019042888600034','112019042899790060','402019042892600053','100201903004','xxx','2019-04-28 02:09:08','0'),('202019042819410058','112019042899900122','402019042890260121','100201903001','xxx','2019-04-28 02:09:13','0');

/*Table structure for table `s_store_cerdentials` */

DROP TABLE IF EXISTS `s_store_cerdentials`;

CREATE TABLE `s_store_cerdentials` (
  `store_cerdentials_id` varchar(30) NOT NULL COMMENT '商户证件ID',
  `b_id` varchar(30) NOT NULL COMMENT '业务Id',
  `store_id` varchar(30) NOT NULL COMMENT '商店ID',
  `credentials_cd` varchar(12) NOT NULL COMMENT '证件类型，对应于 credentials表',
  `value` varchar(50) NOT NULL COMMENT '证件号码',
  `validity_period` date NOT NULL COMMENT '有效期，如果是长期有效 写成 3000/1/1',
  `positive_photo` varchar(100) DEFAULT NULL COMMENT '正面照片',
  `negative_photo` varchar(100) DEFAULT NULL COMMENT '反面照片',
  `create_time` timestamp NOT NULL DEFAULT CURRENT_TIMESTAMP COMMENT '创建时间',
  `status_cd` varchar(2) NOT NULL DEFAULT '0' COMMENT '数据状态，详细参考c_status表，S 保存，0, 在用 1失效',
  UNIQUE KEY `store_cerdentials_id` (`store_cerdentials_id`),
  KEY `idx_store_cerdentials_b_id` (`b_id`),
  KEY `idx_store_cerdentials_store_id` (`store_id`),
  KEY `idx_store_cerdentials_store_cerdentials_id` (`store_cerdentials_id`)
) ENGINE=InnoDB DEFAULT CHARSET=utf8;

/*Data for the table `s_store_cerdentials` */

insert  into `s_store_cerdentials`(`store_cerdentials_id`,`b_id`,`store_id`,`credentials_cd`,`value`,`validity_period`,`positive_photo`,`negative_photo`,`create_time`,`status_cd`) values ('422019032937620006','202019032981850008','402019032973010004','300200900001','632126XXXXXXXX2011','3000-01-01','1234567.jpg','','2019-03-29 14:13:26','0'),('422019032958420013','202019032924200010','402019032924930007','300200900001','632126199109162011','2030-10-01','','','2019-03-29 14:21:41','0'),('422019033000830011','202019033076390007','402019033091620005','300200900001','632126199109162088','2030-02-09','','','2019-03-30 08:37:31','0'),('422019033004800003','202019033033220002','402019033064560001','300200900001','632126XXXXXXXX2011','3000-01-01','1234567.jpg','','2019-03-30 06:51:24','0'),('422019033031850003','202019033072520002','402019033089200001','300200900001','632126XXXXXXXX2011','3000-01-01','1234567.jpg','','2019-03-30 08:31:29','0'),('422019033049340003','202019033063640004','402019033051590001','300200900001','632126XXXXXXXX2011','3000-01-01','1234567.jpg','','2019-03-30 05:56:23','0'),('422019033073800004','202019033011280002','402019033060910002','300200900001','632126XXXXXXXX2011','3000-01-01','1234567.jpg','','2019-03-30 07:47:24','0'),('422019033088010003','202019033046130002','402019033011430001','300200900001','632126XXXXXXXX2011','3000-01-01','1234567.jpg','','2019-03-30 08:04:39','0'),('422019033094470004','202019033072790004','402019033005920002','300200900001','632126XXXXXXXX2011','3000-01-01','1234567.jpg','','2019-03-30 05:32:16','0'),('422019040215000015','202019040243080007','402019040290830009','300200900001','632126199809162033','2035-09-08','','','2019-04-01 17:02:38','0'),('422019040221330007','202019040289110004','402019040288380001','300200900001','632126199109162099','2019-09-09','','','2019-04-01 16:43:01','0'),('422019040233760023','202019040281460010','402019040244100017','300200900001','632126199109162099','2019-09-09','','','2019-04-01 16:48:29','0'),('422019040258080015','202019040231680007','402019040289200009','300200900001','632126199109162099','2019-09-09','','','2019-04-01 16:45:06','0'),('422019040286960007','202019040234930002','402019040287010001','300200900001','632126199109162099','2019-09-09','','','2019-04-01 16:57:22','0'),('422019041364480007','202019041327040005','402019041322840005','300200900001','632126XXXXXXXX2011','3000-01-01','1234567.jpg','','2019-04-13 15:12:27','0'),('422019041368290003','202019041317610002','402019041335090001','300200900001','632126XXXXXXXX2011','3000-01-01','1234567.jpg','','2019-04-13 15:11:13','0'),('422019042807680142','202019042829820067','402019042869020136','300200900001','xxx','2119-04-28','','','2019-04-28 02:09:13','0'),('422019042807860023','202019042810810022','402019042832220017','300200900001','xxx','2119-04-28','','','2019-04-28 02:09:06','0'),('422019042812100094','202019042870660046','402019042825880088','300200900001','xxx','2119-04-28','','','2019-04-28 02:09:10','0'),('422019042825760111','202019042876120055','402019042873090105','300200900001','xxx','2119-04-28','','','2019-04-28 02:09:11','0'),('422019042829710119','202019042807020064','402019042817270113','300200900001','xxx','2119-04-28','','','2019-04-28 02:09:12','0'),('422019042830520078','202019042832720040','402019042877090067','300200900001','xxx','2119-04-28','','','2019-04-28 02:09:09','0'),('422019042831960031','202019042809150025','402019042871510025','300200900001','xxx','2119-04-28','','','2019-04-28 02:09:07','0'),('422019042832350129','202019042819410058','402019042890260121','300200900001','xxx','2119-04-28','','','2019-04-28 02:09:13','0'),('422019042842490039','202019042890620028','402019042831390033','300200900001','xxx','2119-04-28','','','2019-04-28 02:09:07','0'),('422019042857470134','202019042852920061','402019042817430126','300200900001','xxx','2119-04-28','','','2019-04-28 02:09:13','0'),('422019042866290062','202019042888600034','402019042892600053','300200900001','xxx','2119-04-28','','','2019-04-28 02:09:08','0'),('422019042869300087','202019042850210049','402019042800610081','300200900001','xxx','2119-04-28','','','2019-04-28 02:09:10','0'),('422019042872800076','202019042897110043','402019042861350065','300200900001','xxx','2119-04-28','','','2019-04-28 02:09:09','0'),('422019042873500007','202019042862250016','402019042844630001','300200900001','xxx','2119-04-28','','','2019-04-28 02:08:55','0'),('422019042873850046','202019042857010031','402019042892500040','300200900001','xxx','2119-04-28','','','2019-04-28 02:09:07','0'),('422019042875860103','202019042897550052','402019042891860097','300200900001','xxx','2119-04-28','','','2019-04-28 02:09:11','0'),('422019042883320058','202019042803330038','402019042859260049','300200900001','xxx','2119-04-28','','','2019-04-28 02:09:08','0'),('422019042899240015','202019042864170019','402019042896260009','300200900001','xxx','2119-04-28','','','2019-04-28 02:09:06','0');

/*Table structure for table `s_store_fee` */

DROP TABLE IF EXISTS `s_store_fee`;

CREATE TABLE `s_store_fee` (
  `fee_id` varchar(30) NOT NULL COMMENT 'ID',
  `b_id` varchar(30) NOT NULL COMMENT '业务Id',
  `store_id` varchar(30) NOT NULL COMMENT '商店ID',
  `user_id` varchar(30) NOT NULL COMMENT '用户ID',
  `fee_type_cd` varchar(10) NOT NULL COMMENT '费用类型,物业费，停车费 请查看store_fee_type表',
  `fee_money` varchar(20) NOT NULL COMMENT '费用金额',
  `fee_time` varchar(10) NOT NULL COMMENT '费用周期，一个月，半年，或一年 请查看store_fee_time表',
  `create_time` timestamp NOT NULL DEFAULT CURRENT_TIMESTAMP COMMENT '创建时间',
  `start_time` timestamp NOT NULL DEFAULT CURRENT_TIMESTAMP COMMENT '开始时间',
  `end_time` timestamp NOT NULL DEFAULT CURRENT_TIMESTAMP COMMENT '结束时间',
  `status_cd` varchar(2) NOT NULL DEFAULT '0' COMMENT '数据状态，详细参考c_status表，S 保存，0, 在用 1失效',
  UNIQUE KEY `fee_id` (`fee_id`),
  KEY `idx_store_fee_fee_id` (`fee_id`),
  KEY `idx_store_fee_b_id` (`b_id`)
) ENGINE=InnoDB DEFAULT CHARSET=utf8;

/*Data for the table `s_store_fee` */

insert  into `s_store_fee`(`fee_id`,`b_id`,`store_id`,`user_id`,`fee_type_cd`,`fee_money`,`fee_time`,`create_time`,`start_time`,`end_time`,`status_cd`) values ('43512782246290128896','20512782243995844608','201811150000001','201811150000235','8001','200','7002','2018-11-15 16:13:35','2018-11-16 00:00:00','2018-12-16 00:00:00','0'),('43512782363944550400','20512782362006781952','201811150000001','201811150000235','8001','200','7002','2018-11-15 16:14:03','2018-11-16 00:00:00','2018-12-16 00:00:00','0');

/*Table structure for table `s_store_house` */

DROP TABLE IF EXISTS `s_store_house`;

CREATE TABLE `s_store_house` (
  `house_id` varchar(30) NOT NULL COMMENT 'ID',
  `house_num` varchar(30) NOT NULL COMMENT '门牌号',
  `house_name` varchar(50) NOT NULL COMMENT '住户名称',
  `house_phone` varchar(11) DEFAULT NULL COMMENT '住户联系号码',
  `house_area` varchar(30) NOT NULL COMMENT '房屋面积',
  `fee_type_cd` varchar(10) NOT NULL COMMENT '费用类型 store_fee_type表',
  `fee_price` varchar(30) NOT NULL COMMENT '费用单价',
  `user_id` varchar(10) NOT NULL COMMENT '录入人',
  `create_time` timestamp NOT NULL DEFAULT CURRENT_TIMESTAMP COMMENT '创建时间',
  `update_time` timestamp NOT NULL DEFAULT CURRENT_TIMESTAMP COMMENT '修改时间',
  `status_cd` varchar(2) NOT NULL DEFAULT '0' COMMENT '数据状态，详细参考c_status表，S 保存，0, 在用 1失效',
  UNIQUE KEY `house_id` (`house_id`)
) ENGINE=InnoDB DEFAULT CHARSET=utf8;

/*Data for the table `s_store_house` */

insert  into `s_store_house`(`house_id`,`house_num`,`house_name`,`house_phone`,`house_area`,`fee_type_cd`,`fee_price`,`user_id`,`create_time`,`update_time`,`status_cd`) values ('44513145747198181376','10-1253','测试你大爷','10000','200','7002','54','800625487','2018-11-16 16:18:02','2018-11-16 00:00:00','C'),('44513145904337780736','10-1253','测试你大爷','10000','200','7002','54','800625487','2018-11-16 16:20:07','2018-11-16 00:00:00','C'),('44513146888191475712','10-1253','测试你大爷','10000','200','7002','54','800625487','2018-11-16 16:22:33','2018-11-16 00:00:00','C');

/*Table structure for table `s_store_house_attr` */

DROP TABLE IF EXISTS `s_store_house_attr`;

CREATE TABLE `s_store_house_attr` (
  `attr_id` varchar(30) NOT NULL COMMENT '属性id',
  `house_id` varchar(30) NOT NULL COMMENT '用户ID',
  `spec_cd` varchar(12) NOT NULL COMMENT '规格id,参考spec表',
  `VALUE` varchar(50) NOT NULL COMMENT '属性值',
  `create_time` timestamp NOT NULL DEFAULT CURRENT_TIMESTAMP COMMENT '创建时间',
  `status_cd` varchar(2) NOT NULL DEFAULT '0' COMMENT '数据状态，详细参考c_status表，S 保存，0, 在用 1失效',
  UNIQUE KEY `attr_id` (`attr_id`)
) ENGINE=InnoDB DEFAULT CHARSET=utf8;

/*Data for the table `s_store_house_attr` */

/*Table structure for table `s_store_photo` */

DROP TABLE IF EXISTS `s_store_photo`;

CREATE TABLE `s_store_photo` (
  `store_photo_id` varchar(30) NOT NULL COMMENT '商户照片ID',
  `b_id` varchar(30) NOT NULL COMMENT '业务Id',
  `store_id` varchar(30) NOT NULL COMMENT '商店ID',
  `store_photo_type_cd` varchar(12) NOT NULL COMMENT '商户照片类型,T 门头照 I 内景照',
  `photo` varchar(100) NOT NULL COMMENT '照片',
  `create_time` timestamp NOT NULL DEFAULT CURRENT_TIMESTAMP COMMENT '创建时间',
  `status_cd` varchar(2) NOT NULL DEFAULT '0' COMMENT '数据状态，详细参考c_status表，S 保存，0, 在用 1失效',
  UNIQUE KEY `store_photo_id` (`store_photo_id`),
  KEY `idx_store_photo_b_id` (`b_id`),
  KEY `idx_store_photo_store_id` (`store_id`),
  KEY `idx_store_photo_store_photo_id` (`store_photo_id`)
) ENGINE=InnoDB DEFAULT CHARSET=utf8;

/*Data for the table `s_store_photo` */

/*Table structure for table `s_store_user` */

DROP TABLE IF EXISTS `s_store_user`;

CREATE TABLE `s_store_user` (
  `store_user_id` varchar(30) NOT NULL COMMENT '代理商用户ID',
  `store_id` varchar(30) NOT NULL COMMENT '代理商ID',
  `b_id` varchar(30) NOT NULL COMMENT '业务Id',
  `user_id` varchar(30) NOT NULL COMMENT '用户ID',
  `rel_cd` varchar(30) NOT NULL COMMENT '用户和代理商关系 详情查看 agent_user_rel表',
  `create_time` timestamp NOT NULL DEFAULT CURRENT_TIMESTAMP COMMENT '创建时间',
  `status_cd` varchar(2) NOT NULL DEFAULT '0' COMMENT '数据状态，详细参考c_status表，S 保存，0, 在用 1失效',
  UNIQUE KEY `store_user_id` (`store_user_id`)
) ENGINE=InnoDB DEFAULT CHARSET=utf8;

/*Data for the table `s_store_user` */

insert  into `s_store_user`(`store_user_id`,`store_id`,`b_id`,`user_id`,`rel_cd`,`create_time`,`status_cd`) values ('452019033038670004','402019032924930007','202019033081420003','30518940136629616640','600311000001','2019-03-30 08:31:29','0'),('452019033054120012','402019033091620005','202019033069920008','302019033054910001','600311000001','2019-03-30 08:37:31','0'),('452019040205330016','402019040289200009','202019040204720008','302019040270260001','600311000001','2019-04-01 16:45:06','0'),('452019040216260001','402019032924930007','202019040227860003','302019040246120002','600311000002','2019-04-02 11:36:45','0'),('452019040227320016','402019040290830009','202019040270570008','302019040265910001','600311000001','2019-04-01 17:02:38','0'),('452019040229440008','402019040287010001','202019040244340003','302019040270260001','600311000001','2019-04-01 16:57:22','0'),('452019040261310024','402019040244100017','202019040247210011','302019040270260001','600311000001','2019-04-01 16:48:29','0'),('452019040265580008','402019040288380001','202019040228000005','302019040270260001','600311000001','2019-04-01 16:43:01','0'),('452019040307490002','402019032924930007','202019040342840008','302019040332500002','600311000002','2019-04-03 14:51:57','0'),('452019040347590003','402019032924930007','202019040367530011','302019040343530003','600311000002','2019-04-03 14:52:54','0'),('452019040357990004','402019032924930007','202019040320970014','302019040356300004','600311000002','2019-04-03 14:53:47','0'),('452019040369300001','402019032924930007','202019040356450003','302019040317140001','600311000002','2019-04-03 02:24:55','1'),('452019040372570006','402019032924930007','202019040334540020','302019040339750006','600311000002','2019-04-03 14:55:54','0'),('452019040392660001','402019032924930007','202019040376180005','302019040356630001','600311000002','2019-04-03 14:50:57','0'),('452019040393370005','402019032924930007','202019040397350017','302019040355650005','600311000002','2019-04-03 14:54:59','0'),('452019040395580001','402019032924930007','202019040346960003','302019040367880001','600311000002','2019-04-03 03:12:05','1'),('452019040398910002','402019032924930007','202019040389340006','302019040366990002','600311000002','2019-04-03 02:27:23','0'),('452019040426520001','402019032924930007','202019040494260003','302019040481060001','600311000002','2019-04-04 14:24:58','0'),('452019040456490001','402019032924930007','202019040496010018','302019040422250001','600311000002','2019-04-04 08:40:57','0'),('452019041305490004','402019041335090001','202019041375730003','30518940136629616640','600311000001','2019-04-13 15:11:13','0'),('452019041336750008','402019041322840005','202019041318030006','30518940136629616640','600311000001','2019-04-13 15:12:27','0'),('452019041888240001','402019032924930007','202019041810750003','302019041824320001','600311000002','2019-04-18 02:20:04','0'),('452019042191050001','402019032924930007','202019042139970003','302019042192720001','600311000002','2019-04-21 10:04:02','0'),('452019042820940095','402019042825880088','202019042888030047','300019042192720001','600311000001','2019-04-28 02:09:10','0'),('452019042829530048','402019042892500040','202019042885450032','300019042192720001','600311000001','2019-04-28 02:09:07','0'),('452019042830310145','402019032924930007','202019042882310071','302019042846260005','600311000002','2019-04-28 06:59:56','0'),('452019042834270079','402019042877090067','202019042888960041','300019042192720001','600311000001','2019-04-28 02:09:09','0'),('452019042844860104','402019042891860097','202019042813420053','300019042192720001','600311000001','2019-04-28 02:09:12','0'),('452019042851520096','402019042800610081','202019042806640050','300019042192720001','600311000001','2019-04-28 02:09:10','0'),('452019042852570047','402019042831390033','202019042874650029','300019042192720001','600311000001','2019-04-28 02:09:07','0'),('452019042853400120','402019042817270113','202019042848480065','300019042192720001','600311000001','2019-04-28 02:09:12','0'),('452019042854350112','402019042873090105','202019042899920056','300019042192720001','600311000001','2019-04-28 02:09:11','0'),('452019042854370024','402019042832220017','202019042879890023','300019042192720001','600311000001','2019-04-28 02:09:06','0'),('452019042856970032','402019042871510025','202019042821020026','300019042192720001','600311000001','2019-04-28 02:09:07','0'),('452019042859590016','402019042896260009','202019042813460020','300019042192720001','600311000001','2019-04-28 02:09:06','0'),('452019042859780143','402019042869020136','202019042839280068','300019042192720001','600311000001','2019-04-28 02:09:13','0'),('452019042866050135','402019042890260121','202019042842350059','300019042192720001','600311000001','2019-04-28 02:09:13','0'),('452019042869240080','402019042861350065','202019042836610044','300019042192720001','600311000001','2019-04-28 02:09:09','0'),('452019042877420063','402019042859260049','202019042893500039','300019042192720001','600311000001','2019-04-28 02:09:08','0'),('452019042883290064','402019042892600053','202019042820240035','300019042192720001','600311000001','2019-04-28 02:09:09','0'),('452019042886910008','402019042844630001','202019042892790017','300019042192720001','600311000001','2019-04-28 02:08:55','0'),('452019042892920144','402019042817430126','202019042830960062','300019042192720001','600311000001','2019-04-28 02:09:13','0'),('901','123456','990','30518939884421922816','600311000001','2019-03-27 11:47:58','0');

/*Table structure for table `spec` */

DROP TABLE IF EXISTS `spec`;

CREATE TABLE `spec` (
  `id` int(11) NOT NULL AUTO_INCREMENT COMMENT 'id',
  `domain` varchar(20) NOT NULL COMMENT '属性域',
  `spec_cd` varchar(12) DEFAULT NULL,
  `name` varchar(50) NOT NULL COMMENT '名称',
  `description` varchar(200) DEFAULT NULL COMMENT '描述',
  `create_time` timestamp NOT NULL DEFAULT CURRENT_TIMESTAMP COMMENT '创建时间',
  PRIMARY KEY (`id`),
  UNIQUE KEY `spec_cd` (`spec_cd`)
) ENGINE=InnoDB AUTO_INCREMENT=9 DEFAULT CHARSET=utf8;

/*Data for the table `spec` */

insert  into `spec`(`id`,`domain`,`spec_cd`,`name`,`description`,`create_time`) values (1,'ORDERS','1000','订单来源','订单来源','2018-11-14 13:28:44'),(2,'BUSINESS','2000','推荐UserID','推荐UserID','2018-11-14 13:28:44'),(3,'STORE_ATTR','100201903001','企业法人','企业法人','2019-03-29 13:24:36'),(4,'STORE_ATTR','100201903002','注册资本','注册资本','2019-03-29 13:26:00'),(5,'STORE_ATTR','100201903003','成立日期','成立日期','2019-03-29 13:26:21'),(6,'STORE_ATTR','100201903004','登记机关','登记机关','2019-03-29 13:26:39'),(7,'STORE_ATTR','100201903005','经营范围','经营范围','2019-03-29 13:26:56'),(8,'COMMUNITY_ATTR','100201904006','小区联系方式','小区联系方式','2019-04-15 15:22:56');

/*Table structure for table `store_fee_time` */

DROP TABLE IF EXISTS `store_fee_time`;

CREATE TABLE `store_fee_time` (
  `id` int(11) NOT NULL AUTO_INCREMENT COMMENT 'id',
  `domain` varchar(20) NOT NULL COMMENT '域',
  `fee_time_cd` varchar(12) NOT NULL COMMENT '费用周期编码 一年，半年等',
  `name` varchar(50) NOT NULL COMMENT '收费类型编码',
  `description` varchar(200) DEFAULT NULL COMMENT '描述',
  `create_time` timestamp NOT NULL DEFAULT CURRENT_TIMESTAMP COMMENT '创建时间',
  PRIMARY KEY (`id`),
  UNIQUE KEY `fee_time_cd` (`fee_time_cd`)
) ENGINE=InnoDB AUTO_INCREMENT=7 DEFAULT CHARSET=utf8;

/*Data for the table `store_fee_time` */

insert  into `store_fee_time`(`id`,`domain`,`fee_time_cd`,`name`,`description`,`create_time`) values (1,'feetype_domain','7001','一个月','按月缴费','2018-11-15 14:15:28'),(5,'feetype_domain','7002','季度','按季度缴费','2018-11-15 14:16:10'),(6,'feetype_domain','7003','年','按年缴费','2018-11-15 14:16:13');

/*Table structure for table `store_fee_type` */

DROP TABLE IF EXISTS `store_fee_type`;

CREATE TABLE `store_fee_type` (
  `id` int(11) NOT NULL AUTO_INCREMENT COMMENT 'id',
  `domain` varchar(20) NOT NULL COMMENT '域',
  `fee_type_cd` varchar(12) NOT NULL COMMENT '收费类型 物业费 停车费等',
  `name` varchar(50) NOT NULL COMMENT '收费类型编码',
  `description` varchar(200) DEFAULT NULL COMMENT '描述',
  `create_time` timestamp NOT NULL DEFAULT CURRENT_TIMESTAMP COMMENT '创建时间',
  PRIMARY KEY (`id`),
  UNIQUE KEY `fee_type_cd` (`fee_type_cd`)
) ENGINE=InnoDB AUTO_INCREMENT=7 DEFAULT CHARSET=utf8;

/*Data for the table `store_fee_type` */

insert  into `store_fee_type`(`id`,`domain`,`fee_type_cd`,`name`,`description`,`create_time`) values (1,'feetype_domain','8001','物业费','物业费按年收取','2018-11-15 14:08:11'),(2,'feetype_domain','8002','停车费','物业费按月收取','2018-11-15 14:08:28'),(3,'feetype_domain','8003','水费','物业费按需收取','2018-11-15 14:08:28'),(4,'feetype_domain','8004','电费','物业费按需收取','2018-11-15 14:08:28'),(5,'feetype_domain','8005','暖气费','物业费按年收取','2018-11-15 14:08:28'),(6,'feetype_domain','8006','气费','物业费按需收取','2018-11-15 14:08:28');

/*Table structure for table `store_type` */

DROP TABLE IF EXISTS `store_type`;

CREATE TABLE `store_type` (
  `id` int(11) NOT NULL AUTO_INCREMENT COMMENT 'id',
  `store_type_cd` varchar(12) NOT NULL COMMENT '店铺编码',
  `name` varchar(50) NOT NULL COMMENT '店铺种类编码',
  `description` varchar(200) DEFAULT NULL COMMENT '描述',
  `create_time` timestamp NOT NULL DEFAULT CURRENT_TIMESTAMP COMMENT '创建时间',
  PRIMARY KEY (`id`),
  UNIQUE KEY `store_type_cd` (`store_type_cd`)
) ENGINE=InnoDB AUTO_INCREMENT=9 DEFAULT CHARSET=utf8;

/*Data for the table `store_type` */

insert  into `store_type`(`id`,`store_type_cd`,`name`,`description`,`create_time`) values (1,'800900000001','运营团队','运营团队','2018-12-12 12:09:02'),(2,'800900000002','代理商','代理商','2018-12-12 12:09:50'),(3,'800900000003','物业','物业','2018-12-12 12:27:11'),(4,'800900000004','物流公司','物流公司','2018-12-12 12:27:53'),(5,'800900000005','超市','超市','2018-12-12 12:28:23'),(6,'800900000006','餐厅','餐厅','2018-12-12 12:28:43'),(7,'800900000007','饭馆','饭馆','2018-12-12 12:29:17'),(8,'800900000008','药店','药店','2018-12-12 12:29:41');

/*Table structure for table `store_user_rel` */

DROP TABLE IF EXISTS `store_user_rel`;

CREATE TABLE `store_user_rel` (
  `id` int(11) NOT NULL AUTO_INCREMENT COMMENT 'id',
  `rel_cd` varchar(12) NOT NULL COMMENT '代理商用户关系编码',
  `name` varchar(50) NOT NULL COMMENT '代理商用户关系编码名称',
  `description` varchar(200) DEFAULT NULL COMMENT '描述',
  `create_time` timestamp NOT NULL DEFAULT CURRENT_TIMESTAMP COMMENT '创建时间',
  PRIMARY KEY (`id`),
  UNIQUE KEY `rel_cd` (`rel_cd`)
) ENGINE=InnoDB AUTO_INCREMENT=3 DEFAULT CHARSET=utf8;

/*Data for the table `store_user_rel` */

insert  into `store_user_rel`(`id`,`rel_cd`,`name`,`description`,`create_time`) values (1,'600311000001','管理员关系','管理员关系','2018-12-18 17:11:19'),(2,'600311000002','员工关系','员工关系','2019-02-13 12:12:12');

/*Table structure for table `tag` */

DROP TABLE IF EXISTS `tag`;

CREATE TABLE `tag` (
  `id` int(11) NOT NULL AUTO_INCREMENT COMMENT 'id',
  `domain` varchar(20) NOT NULL COMMENT '标签域',
  `tag_cd` varchar(12) NOT NULL COMMENT '标签编码',
  `name` varchar(50) NOT NULL COMMENT '标签名称',
  `description` varchar(200) DEFAULT NULL COMMENT '描述',
  `create_time` timestamp NOT NULL DEFAULT CURRENT_TIMESTAMP COMMENT '创建时间',
  PRIMARY KEY (`id`)
) ENGINE=InnoDB DEFAULT CHARSET=utf8;

/*Data for the table `tag` */

/*Table structure for table `u_location` */

DROP TABLE IF EXISTS `u_location`;

CREATE TABLE `u_location` (
  `id` int(11) NOT NULL AUTO_INCREMENT COMMENT 'id',
  `location_cd` varchar(4) NOT NULL COMMENT '区域编码',
  `level` varchar(4) NOT NULL COMMENT '区域级别，1 表示一级地区',
  `name` varchar(50) NOT NULL COMMENT '区域名称',
  `description` varchar(200) DEFAULT NULL COMMENT '描述',
  `create_time` timestamp NOT NULL DEFAULT CURRENT_TIMESTAMP COMMENT '创建时间',
  PRIMARY KEY (`id`),
  UNIQUE KEY `location_cd` (`location_cd`)
) ENGINE=InnoDB DEFAULT CHARSET=utf8;

/*Data for the table `u_location` */

/*Table structure for table `u_user` */

DROP TABLE IF EXISTS `u_user`;

CREATE TABLE `u_user` (
  `id` int(11) NOT NULL AUTO_INCREMENT COMMENT 'id',
  `user_id` varchar(30) NOT NULL COMMENT '用户ID',
  `name` varchar(50) NOT NULL COMMENT '名称',
  `email` varchar(30) DEFAULT NULL COMMENT '邮箱地址',
  `address` varchar(200) DEFAULT NULL COMMENT '现居住地址',
  `password` varchar(128) DEFAULT NULL COMMENT '用户密码，加密过后',
  `location_cd` varchar(8) DEFAULT NULL COMMENT '用户地区，编码详见 u_location',
  `age` int(11) DEFAULT NULL COMMENT '用户年龄',
  `sex` varchar(1) DEFAULT NULL COMMENT '性别，0表示男孩 1表示女孩',
  `tel` varchar(11) NOT NULL,
  `level_cd` varchar(2) NOT NULL DEFAULT '0' COMMENT '用户级别,关联user_level',
  `b_id` varchar(30) NOT NULL COMMENT '业务Id',
  `create_time` timestamp NOT NULL DEFAULT CURRENT_TIMESTAMP COMMENT '创建时间',
  `status_cd` varchar(2) NOT NULL DEFAULT '0' COMMENT '数据状态，详细参考c_status表，S 保存，0, 在用 1失效',
  PRIMARY KEY (`id`),
  UNIQUE KEY `user_id` (`user_id`)
) ENGINE=InnoDB AUTO_INCREMENT=1104 DEFAULT CHARSET=utf8;

/*Data for the table `u_user` */

insert  into `u_user`(`id`,`user_id`,`name`,`email`,`address`,`password`,`location_cd`,`age`,`sex`,`tel`,`level_cd`,`b_id`,`create_time`,`status_cd`) values (1,'30516332294873563136','李四','928255095@qq.com',NULL,'ERCBHDUYFJDNDHDJDNDJDHDUDHDJDDKDK',NULL,NULL,'0','17797173943','02','20516332294412189696','2018-11-25 11:20:12','0'),(2,'30516364590414577664','王五','928255095@qq.com',NULL,'ERCBHDUYFJDNDHDJDNDJDHDUDHDJDDKDK',NULL,NULL,'0','17797173943','02','20516364589907066880','2018-11-25 13:28:32','0'),(3,'30516365201923129344','王五1','928255095@qq.com',NULL,'ERCBHDUYFJDNDHDJDNDJDHDUDHDJDDKDK',NULL,NULL,'0','17797173943','02','20516365201587585024','2018-11-25 13:30:57','0'),(4,'30516366113219559424','王五2','928255095@qq.com',NULL,'ERCBHDUYFJDNDHDJDNDJDHDUDHDJDDKDK',NULL,NULL,'0','17797173943','02','20516366112951123968','2018-11-25 13:34:35','0'),(5,'30516366709171437568','王五3','928255095@qq.com',NULL,'ERCBHDUYFJDNDHDJDNDJDHDUDHDJDDKDK',NULL,NULL,'0','17797173943','02','20516366708928167936','2018-11-25 13:36:57','0'),(6,'30516368306509201408','王五4','928255095@qq.com',NULL,'ERCBHDUYFJDNDHDJDNDJDHDUDHDJDDKDK',NULL,NULL,'0','17797173943','02','20516368306257543168','2018-11-25 13:43:17','0'),(7,'30516374464544391168','王五5','928255095@qq.com',NULL,'ERCBHDUYFJDNDHDJDNDJDHDUDHDJDDKDK',NULL,NULL,'0','17797173943','02','20516374464208846848','2018-11-25 14:07:46','0'),(8,'30516374772855095296','王五6','928255095@qq.com',NULL,'ERCBHDUYFJDNDHDJDNDJDHDUDHDJDDKDK',NULL,NULL,'0','17797173943','02','20516374772574076928','2018-11-25 14:08:59','0'),(9,'30516374801938399232','王五7','928255095@qq.com',NULL,'ERCBHDUYFJDNDHDJDNDJDHDUDHDJDDKDK',NULL,NULL,'0','17797173943','02','20516374801669963776','2018-11-25 14:09:06','0'),(10,'30516377393741447168','王五7','928255095@qq.com',NULL,'ERCBHDUYFJDNDHDJDNDJDHDUDHDJDDKDK',NULL,NULL,'0','17797173943','02','20516377393317822464','2018-11-25 14:19:24','0'),(11,'30516381939989495808','王五8','928255095@qq.com',NULL,'ERCBHDUYFJDNDHDJDNDJDHDUDHDJDDKDK',NULL,NULL,'0','17797173943','02','20516381939620397056','2018-11-25 14:37:28','0'),(12,'30516387723230068736','王五9','928255095@qq.com',NULL,'ERCBHDUYFJDNDHDJDNDJDHDUDHDJDDKDK',NULL,NULL,'0','17797173943','02','20516387722659643392','2018-11-25 15:00:27','0'),(13,'30516389225004810240','王五10','928255095@qq.com',NULL,'ERCBHDUYFJDNDHDJDNDJDHDUDHDJDDKDK',NULL,NULL,'0','17797173943','02','20516389224736374784','2018-11-25 15:06:25','0'),(14,'30516389265349820416','王五11','928255095@qq.com',NULL,'ERCBHDUYFJDNDHDJDNDJDHDUDHDJDDKDK',NULL,NULL,'0','17797173943','02','20516389265110745088','2018-11-25 15:06:34','0'),(15,'30516398820397957120','吴学文','',NULL,'0724094fbcd70db0493034daa2120aa1',NULL,NULL,'0','15897089471','02','20516398820167270400','2018-11-25 15:44:33','0'),(16,'30516400356482105344','师师','',NULL,'f1ab59f367854c555a84d42155d39aa3',NULL,NULL,'0','18987095720','02','20516400356243030016','2018-11-25 15:50:39','0'),(17,'30516401274132905984','张试卷','',NULL,'cdfea6fbffcd82758eec12a96c64e682',NULL,NULL,'0','15897089471','02','20516401273893830656','2018-11-25 15:54:18','0'),(18,'30517072483300425728','张三','',NULL,'dc2263f093f3db5edd6ce5ea6aa81c32',NULL,NULL,'0','17797173947','02','20517072482935521280','2018-11-27 12:21:26','0'),(19,'30517086035897761792','吴学文123','',NULL,'c91cf5db90773073a558e8740521c01c',NULL,NULL,'0','17797173942','02','20517086035457359872','2018-11-27 13:15:18','0'),(20,'30517710166884368384','王五112','928255095@qq.com',NULL,'ERCBHDUYFJDNDHDJDNDJDHDUDHDJDDKDK',NULL,NULL,'0','17797173943','02','20517710159825354752','2018-11-29 06:35:22','0'),(21,'30518939884421922816','admin','',NULL,'3ad352384261cbc2c7462210dbb3ce61',NULL,NULL,'0','17797173944','02','20518939876956061696','2018-12-02 16:01:50','0'),(22,'30518940136629616640','wuxw','',NULL,'3ad352384261cbc2c7462210dbb3ce61',NULL,NULL,'0','17797173940','02','202019041340460005','2018-12-02 16:02:50','0'),(23,'30520751775595118592','zhangsan','',NULL,'b8ed29901921a8e7a8ec34d874a5379b',NULL,NULL,'0','17797173942','02','20520751770314489856','2018-12-07 16:01:38','0'),(24,'30520752094488051712','zhangsan','',NULL,'b8ed29901921a8e7a8ec34d874a5379b',NULL,NULL,'0','17797173942','02','20520752094244782080','2018-12-07 16:02:54','0'),(25,'30520752516195958784','zhangsan','',NULL,'b8ed29901921a8e7a8ec34d874a5379b',NULL,NULL,'0','17797173942','02','20520752515906551808','2018-12-07 16:04:35','0'),(26,'30520752654427635712','zhangsan','',NULL,'b8ed29901921a8e7a8ec34d874a5379b',NULL,NULL,'0','17797173942','02','20520752654096285696','2018-12-07 16:05:07','0'),(27,'30520753111732600832','lisi','',NULL,'f8b789267d0ea8414dd9dea3f88d2e66',NULL,NULL,'0','17797173942','02','20520753111019569152','2018-12-07 16:06:56','0'),(28,'30521002824033648640','admin','',NULL,'3ad352384261cbc2c7462210dbb3ce61',NULL,NULL,'0','15963245875','00','20521002816139968512','2018-12-08 08:39:13','0'),(30,'30521299095785062400','wangym','928255095@qq.com',NULL,'cdfea6fbffcd82758eec12a96c64e682',NULL,NULL,'0','17797289806','01','20521692315283111936','2018-12-09 04:16:29','0'),(31,'30521384632806031360','liyongxi','928255095@qq.com',NULL,'cdfea6fbffcd82758eec12a96c64e682',NULL,NULL,'0','17797289806','01','202019021096440004','2018-12-09 09:56:23','0'),(32,'30521384655744679936','zhangshan','928255095@qq.com',NULL,'cdfea6fbffcd82758eec12a96c64e682',NULL,NULL,'0','17797289806','01','20521384655455272960','2018-12-09 09:56:28','0'),(33,'30521384680415576064','lisi','928255095@qq.com',NULL,'cdfea6fbffcd82758eec12a96c64e682',NULL,NULL,'0','17797289806','01','20521384680210055168','2018-12-09 09:56:34','0'),(34,'30521384773189386240','wangmazi','928255095@qq.com',NULL,'cdfea6fbffcd82758eec12a96c64e682',NULL,NULL,'0','17797289806','01','20521384772962893824','2018-12-09 09:56:56','0'),(35,'30521384859990507520','吴学文','928255095@qq.com',NULL,'cdfea6fbffcd82758eec12a96c64e682',NULL,NULL,'0','17797289806','01','20521384859759820800','2018-12-09 09:57:17','0'),(36,'30521388279069687808','吴学文1','928255095@qq.com',NULL,'cdfea6fbffcd82758eec12a96c64e682',NULL,NULL,'0','17797289806','01','20521388278868361216','2018-12-09 10:10:52','0'),(37,'30521388292680204288','吴学文2','928255095@qq.com',NULL,'cdfea6fbffcd82758eec12a96c64e682',NULL,NULL,'0','17797289806','01','20521388292466294784','2018-12-09 10:10:55','0'),(38,'30521388308752777216','吴学文3','928255095@qq.com',NULL,'cdfea6fbffcd82758eec12a96c64e682',NULL,NULL,'0','17797289806','01','202019020300000003','2018-12-09 10:10:59','1'),(39,'30521388322879193088','吴学文4','928255095@qq.com',NULL,'cdfea6fbffcd82758eec12a96c64e682',NULL,NULL,'0','17797289806','01','20521388322648506368','2018-12-09 10:11:03','0'),(40,'30521388335978004480','吴学文5','928255095@qq.com',NULL,'cdfea6fbffcd82758eec12a96c64e682',NULL,NULL,'0','17797289806','01','20521388335667625984','2018-12-09 10:11:06','0'),(41,'30521470367152226304','王永梅','406943871@qq.com','青海省西宁市城中区申宁路6号','cdfea6fbffcd82758eec12a96c64e682',NULL,NULL,'1','17797173943','01','20521470366867013632','2018-12-09 15:37:04','0'),(42,'30521470728940306432','张三丰','123456@qq.com','','cdfea6fbffcd82758eec12a96c64e682',NULL,NULL,'0','18987898111','01','20521470728747368448','2018-12-09 15:38:30','0'),(43,'30521470972990078976','李玉刚','0908777@qq.com','','cdfea6fbffcd82758eec12a96c64e682',NULL,NULL,'1','18987164563','01','20521470972776169472','2018-12-09 15:39:28','0'),(44,'30521471733694218240','张学良','9088@qq.com','东北老爷们山','cdfea6fbffcd82758eec12a96c64e682',NULL,NULL,'0','17797173945','01','20521471733417394176','2018-12-09 15:42:29','0'),(45,'30521472810921508864','qhadmin','',NULL,'cdfea6fbffcd82758eec12a96c64e682',NULL,NULL,'0','17797173940','00','20521472810674044928','2018-12-09 15:46:46','0'),(46,'30522549147283243008','张事假','928255095@qq.com','','cdfea6fbffcd82758eec12a96c64e682',NULL,NULL,'0','18997089471','01','20522549147056750592','2018-12-12 15:03:45','0'),(47,'30523565516132990976','jiejie','jiejie@qq.com','','cdfea6fbffcd82758eec12a96c64e682',NULL,NULL,'1','17797173948','01','20523565515797446656','2018-12-15 10:22:26','0'),(48,'3020190202000001','吴梓豪','928255094@qq.com','青海省','cdfea6fbffcd82758eec12a96c64e682',NULL,NULL,'0','17797173942','01','202019020200000003','2019-02-02 13:40:27','1'),(49,'3020190210000001','吴学文89','928255095@qq.com',NULL,'cdfea6fbffcd82758eec12a96c64e682',NULL,NULL,'0','17797289807','01','202019021000000009','2019-02-09 16:57:53','0'),(50,'3020190210000002','吴学文90','928255095@qq.com',NULL,'cdfea6fbffcd82758eec12a96c64e682',NULL,NULL,'0','17797289807','01','202019021070180002','2019-02-09 17:17:50','0'),(51,'3020190210000003','吴学文91','928255095@qq.com',NULL,'cdfea6fbffcd82758eec12a96c64e682',NULL,NULL,'0','17797289807','01','202019021058060004','2019-02-09 17:23:16','0'),(52,'302019021030610001','张时强','wuxw7@www.com','甘肃省金昌市','cdfea6fbffcd82758eec12a96c64e682',NULL,NULL,'0','18909789184','01','202019021059530006','2019-02-10 14:37:01','0'),(53,'302019021020990002','cc789','',NULL,'bd06b3bdf498d5fecd1f83964c925750',NULL,NULL,'0','18909871234','00','202019021067580008','2019-02-10 14:38:23','0'),(54,'302019032346330001','王五1123','928255095@qq.com',NULL,'ERCBHDUYFJDNDHDJDNDJDHDUDHDJDDKDK',NULL,NULL,'0','17797173948','00','202019032344890002','2019-03-23 08:59:29','0'),(55,'302019032517520003','zhangqq',NULL,NULL,'3b85f4fb07881869aae2fa7fb1994580',NULL,NULL,NULL,'18987095720','00','202019032587620006','2019-03-25 08:30:52','0'),(56,'302019032508330004','feitao',NULL,NULL,'515edae4c4a80249d6801a2015ccbd68',NULL,NULL,NULL,'17797173947','00','202019032531280008','2019-03-25 08:34:56','0'),(57,'302019032567920005','adminc',NULL,NULL,'90007ba81043076df2f241cebf95b18c',NULL,NULL,NULL,'17797173947','00','202019032517680010','2019-03-25 15:55:33','0'),(58,'302019033054910001','996icu',NULL,NULL,'e1b2ed71460529672e74f31a307bfe63',NULL,NULL,NULL,'18909780341','00','202019033083450005','2019-03-30 08:34:54','0'),(59,'302019040270260001','zhangx',NULL,NULL,'fe6eab9f2b73152fb8948c5446e553fd',NULL,NULL,NULL,'18909785209','00','202019040291880002','2019-04-01 16:40:49','0'),(60,'302019040265910001','zhangb',NULL,NULL,'360de47da6aff8bcace8fdbfc3c8076f',NULL,NULL,NULL,'17797173985','00','202019040287710005','2019-04-01 17:00:44','0'),(61,'302019040231400001','user1',NULL,NULL,'5b7ac7ba433dc0842fb8d3bc15e4b2aa',NULL,NULL,NULL,'18300862162','00','202019040270560002','2019-04-02 09:57:46','0'),(62,'302019040246120002','王志超1','928255095@qq.com','青海省西宁市','cdfea6fbffcd82758eec12a96c64e682',NULL,NULL,'0','18909783333','01','202019040256780002','2019-04-02 11:36:44','0'),(63,'302019040317140001','shishi1','9282550951@qq.com','西宁1','cdfea6fbffcd82758eec12a96c64e682',NULL,NULL,'1','17797173942','01','202019040445720015','2019-04-03 02:24:55','1'),(64,'302019040366990002','任建宇2','7898@qq.com','西宁','cdfea6fbffcd82758eec12a96c64e682',NULL,NULL,'0','17797173989','01','202019040458180024','2019-04-03 02:27:23','0'),(65,'302019040367880001','zhichao2','9878981@qq.com','西宁市1','5b7ac7ba433dc0842fb8d3bc15e4b2aa',NULL,NULL,'1','17797350002','01','202019040442220012','2019-04-03 03:12:05','1'),(66,'302019040356630001','王咏梅','406943871@qq.com','青海省西宁市','5b7ac7ba433dc0842fb8d3bc15e4b2aa',NULL,NULL,'1','17797154305','01','202019040306710004','2019-04-03 14:50:57','0'),(67,'302019040332500002','玉波','yubo@163.com','西双版纳','5b7ac7ba433dc0842fb8d3bc15e4b2aa',NULL,NULL,'1','17797173884','01','202019040304510007','2019-04-03 14:51:57','0'),(68,'302019040343530003','玉儿香','yuerxiang@163.com','西双版纳','5b7ac7ba433dc0842fb8d3bc15e4b2aa',NULL,NULL,'1','15597174306','01','202019040339540010','2019-04-03 14:52:54','0'),(69,'302019040356300004','布鲁漂','bulupiao@163.com','西双版纳','5b7ac7ba433dc0842fb8d3bc15e4b2aa',NULL,NULL,'0','18997096269','01','202019040333220013','2019-04-03 14:53:47','0'),(70,'302019040355650005','徐远达','xuyuanda@163.com','上海','5b7ac7ba433dc0842fb8d3bc15e4b2aa',NULL,NULL,'0','18909788448','01','202019040313040016','2019-04-03 14:54:59','0'),(71,'302019040339750006','徐浩宁','xuhaoning@163.com','上海','5b7ac7ba433dc0842fb8d3bc15e4b2aa',NULL,NULL,'0','18976544567','01','202019040399500019','2019-04-03 14:55:54','0'),(72,'302019040422250001','师延俊1','shiyj@163.com','城东区','5b7ac7ba433dc0842fb8d3bc15e4b2aa',NULL,NULL,'0','18907788888','01','202019040434790017','2019-04-04 08:40:57','0'),(73,'302019040481060001','罗比特1','luobite@163.com','西双版纳','5b7ac7ba433dc0842fb8d3bc15e4b2aa',NULL,NULL,'1','18909786789','01','202019040585760005','2019-04-04 14:24:57','0'),(74,'302019041110350001','zwff',NULL,NULL,'5b7ac7ba433dc0842fb8d3bc15e4b2aa',NULL,NULL,NULL,'15695200291','00','202019041120660002','2019-04-11 08:07:54','0'),(75,'302019041824320001','钟原','zongyuan@163.com','中国反恐特战队猎鹰组','5b7ac7ba433dc0842fb8d3bc15e4b2aa',NULL,NULL,'0','18909786666','01','202019041801200002','2019-04-18 02:20:04','0'),(76,'302019042192720001','毛彬彬','maobinbin@163.com','青海省西宁市城中区','5b7ac7ba433dc0842fb8d3bc15e4b2aa',NULL,NULL,'0','18909789999','01','202019042126440002','2019-04-21 10:04:02','0'),(77,'302019042771470001','qqq',NULL,NULL,'fbd7b2884b79aa4c9bc971911eaf31b7',NULL,NULL,NULL,'18909764563','00','202019042771400011','2019-04-27 10:43:09','0'),(1100,'300019042192720001','dyaoming','270307872@qq.com','河南省郑州市','3ad352384261cbc2c7462210dbb3ce61',NULL,NULL,'1','17133858872','00','202019042126440002','2019-04-28 01:00:00','0'),(1101,'302019042846260005','孙悟空','sunwk@163.com','花果山水莲洞','5b7ac7ba433dc0842fb8d3bc15e4b2aa',NULL,NULL,'0','18907889800','01','202019042887970070','2019-04-28 06:59:56','0'),(1102,'302019051126800001','hewei',NULL,NULL,'5b7ac7ba433dc0842fb8d3bc15e4b2aa',NULL,NULL,NULL,'15919163134','00','202019051147830012','2019-05-11 13:41:21','0'),(1103,'302019051126240002','tom-01',NULL,NULL,'5b7ac7ba433dc0842fb8d3bc15e4b2aa',NULL,NULL,NULL,'13000000001','00','202019051151120014','2019-05-11 13:48:20','0');

/*Table structure for table `u_user_address` */

DROP TABLE IF EXISTS `u_user_address`;

CREATE TABLE `u_user_address` (
  `id` int(11) NOT NULL AUTO_INCREMENT COMMENT 'id',
  `address_id` varchar(30) NOT NULL COMMENT '地址ID',
  `b_id` varchar(30) NOT NULL COMMENT '业务Id',
  `user_id` varchar(30) NOT NULL COMMENT '用户ID',
  `tel` varchar(11) NOT NULL COMMENT '电话',
  `postal_code` varchar(10) NOT NULL COMMENT '邮政编码',
  `address` varchar(200) NOT NULL COMMENT '地址',
  `is_default` varchar(1) NOT NULL COMMENT '是否为默认地址 1，表示默认地址 0 或空不是默认地址',
  `create_time` timestamp NOT NULL DEFAULT CURRENT_TIMESTAMP COMMENT '创建时间',
  `status_cd` varchar(2) NOT NULL DEFAULT '0' COMMENT '数据状态，详细参考c_status表，S 保存，0在用，1失效',
  PRIMARY KEY (`id`)
) ENGINE=InnoDB DEFAULT CHARSET=utf8;

/*Data for the table `u_user_address` */

/*Table structure for table `u_user_attr` */

DROP TABLE IF EXISTS `u_user_attr`;

CREATE TABLE `u_user_attr` (
  `id` int(11) NOT NULL AUTO_INCREMENT COMMENT 'id',
  `attr_id` varchar(30) NOT NULL COMMENT '属性id',
  `user_id` varchar(30) NOT NULL COMMENT '用户ID',
  `spec_cd` varchar(12) NOT NULL COMMENT '规格id,参考spec表',
  `value` varchar(50) NOT NULL COMMENT '属性值',
  `b_id` varchar(30) NOT NULL COMMENT '业务ID',
  `create_time` timestamp NOT NULL DEFAULT CURRENT_TIMESTAMP COMMENT '创建时间',
  `status_cd` varchar(2) NOT NULL DEFAULT '0' COMMENT '数据状态，详细参考c_status表，S 保存，0在用，1失效',
  PRIMARY KEY (`id`)
) ENGINE=InnoDB DEFAULT CHARSET=utf8;

/*Data for the table `u_user_attr` */

/*Table structure for table `u_user_credentials` */

DROP TABLE IF EXISTS `u_user_credentials`;

CREATE TABLE `u_user_credentials` (
  `id` int(11) NOT NULL AUTO_INCREMENT COMMENT 'id',
  `credentials_id` varchar(30) NOT NULL COMMENT '证件ID',
  `b_id` varchar(30) NOT NULL COMMENT '业务Id',
  `user_id` varchar(30) NOT NULL COMMENT '用户ID',
  `credentials_cd` varchar(12) NOT NULL COMMENT '证件类型',
  `value` varchar(50) NOT NULL COMMENT '证件号码',
  `create_time` timestamp NOT NULL DEFAULT CURRENT_TIMESTAMP COMMENT '创建时间',
  `status_cd` varchar(2) NOT NULL DEFAULT '0' COMMENT '数据状态，详细参考c_status表，S 保存，0在用，1失效',
  PRIMARY KEY (`id`)
) ENGINE=InnoDB DEFAULT CHARSET=utf8;

/*Data for the table `u_user_credentials` */

/*Table structure for table `u_user_tag` */

DROP TABLE IF EXISTS `u_user_tag`;

CREATE TABLE `u_user_tag` (
  `id` int(11) NOT NULL AUTO_INCREMENT COMMENT 'id',
  `tag_id` varchar(30) NOT NULL COMMENT '打标ID',
  `user_id` varchar(30) NOT NULL COMMENT '用户ID',
  `tag_cd` varchar(12) NOT NULL COMMENT '标签编码,参考tag表',
  `b_id` varchar(30) NOT NULL COMMENT '业务Id',
  `remark` varchar(200) DEFAULT NULL COMMENT '备注',
  `create_time` timestamp NOT NULL DEFAULT CURRENT_TIMESTAMP COMMENT '创建时间',
  `status_cd` varchar(2) NOT NULL DEFAULT '0' COMMENT '数据状态，详细参考c_status表，S 保存，0在用，1失效',
  PRIMARY KEY (`id`)
) ENGINE=InnoDB DEFAULT CHARSET=utf8;

/*Data for the table `u_user_tag` */

/*Table structure for table `user_level` */

DROP TABLE IF EXISTS `user_level`;

CREATE TABLE `user_level` (
  `id` int(11) NOT NULL AUTO_INCREMENT COMMENT 'id',
  `level_cd` varchar(4) NOT NULL COMMENT '用户级别',
  `name` varchar(50) NOT NULL COMMENT '名称',
  `description` varchar(200) DEFAULT NULL COMMENT '描述',
  `create_time` timestamp NOT NULL DEFAULT CURRENT_TIMESTAMP COMMENT '创建时间',
  PRIMARY KEY (`id`),
  UNIQUE KEY `level_cd` (`level_cd`)
) ENGINE=InnoDB AUTO_INCREMENT=5 DEFAULT CHARSET=utf8;

/*Data for the table `user_level` */

insert  into `user_level`(`id`,`level_cd`,`name`,`description`,`create_time`) values (1,'00','系统管理员','系统管理员','2018-11-14 13:28:59'),(3,'01','员工','员工','2019-02-13 09:03:10'),(4,'02','普通用户','普通用户','2019-02-13 09:04:25');

/*!40101 SET SQL_MODE=@OLD_SQL_MODE */;
/*!40014 SET FOREIGN_KEY_CHECKS=@OLD_FOREIGN_KEY_CHECKS */;
/*!40014 SET UNIQUE_CHECKS=@OLD_UNIQUE_CHECKS */;
/*!40111 SET SQL_NOTES=@OLD_SQL_NOTES */;
